ETM route num,Start,Via,End,Bus Type,Start code,Via code,End code,Binding ID,TARA ID,Include,Type,Stages,Route type,Route code,Route No.,Routes to be added,265,ETM routes,Routes to be removed,,,
mrg1,VASCO,V,MUDDEBEHAL,EXPRESS,VSD,,MDBHL,#N/A,#N/A,Y,IS,31,X,X:VSD--MDBHL,mrg1,,,,,,,
mrg10,MARGAO,CANACONA,KARWAR,ORDINARY,MRG,CNC,KWR,#N/A,#N/A,Y,IS,23,,MRG-CNC-KWR,mrg10,,,,,,,
mrg100,MARGAO,CAN/BIRLA,VASCO,ORDINARY,MRG,CNSL/BRL,VSD,#N/A,#N/A,Y,O,22,,MRG-CNSL/BRL-VSD,mrg100,,,,,,,
mrg101,MARGAO,MAJORDA,VELSAO,ORDINARY,MRG,MJRD,VLS,#N/A,#N/A,Y,O,9,,MRG-MJRD-VLS,mrg101,,,,,,,
mrg102,PANAJI,MARGAO,KARWAR,EXPRESS,PNJ,MRG,KWR,0,65,Y,IS,28,X,X:PNJ-MRG-KWR,mrg102,,,,,,,
mrg103,MOLKOPON,RIVONA,DONBOSCO,ORDINARY,MLKPN,RVN,D BSC,#N/A,#N/A,Y,O,7,,MLKPN-RVN-D BSC,mrg103,,,,,,,
mrg104,MARGAO,CORTALIM,UNIVERSITY,ORDINARY,MRG,CRT,GU,#N/A,#N/A,Y,O,17,,MRG-CRT-GU,mrg104,,,,,,,
mrg105,PANJIM,BAMBOLI,UNIVERCITY,ORDINARY,PNJ,BBL,GU,#N/A,#N/A,Y,O,4,,PNJ-BBL-GU,mrg105,,,,,,,
mrg106,RLY STATION,MARGAO,VASCO,ORDINARY,RLY STN,MRG,VSD,#N/A,#N/A,Y,O,9,,RLY STN-MRG-VSD,mrg106,,,,,,,
mrg107,MARGAO,CUNCOLIM,CANACONA,ORDINARY,MRG,CUN,CNC,#N/A,#N/A,Y,O,13,,MRG-CUN-CNC,mrg107,,,,,,,
mrg108,KUSKEM,MASHEM,MARGAO,ORDINARY,KSK,MSHM,MRG,#N/A,#N/A,Y,O,25,,KSK-MSHM-MRG,mrg108,,,,,,,
mrg109,MARGAO,PONDA,PANAJI,ORDINARY,MRG,PND,PNJ,#N/A,#N/A,Y,O,21,,MRG-PND-PNJ,mrg109,,,,,,,
mrg11,CURCHOREM,KEPEM,KARWAR,ORDINARY,CURCH,QPM,KWR,#N/A,#N/A,Y,O,27,,CURCH-QPM-KWR,mrg11,,,,,,,
mrg110,MARGAO,CANACONA,DHAPOT,ORDINARY,MRG,CNC,DHPT,#N/A,#N/A,Y,O,19,,MRG-CNC-DHPT,mrg110,,,,,,,
mrg111,DHAPOT,CANACONA,CAJUMOL,ORDINARY,DHPT,CNC,CJML,#N/A,#N/A,Y,O,15,,DHPT-CNC-CJML,mrg111,,,,,,,
mrg112,CANACONA,PANNA,CAJUMOL,ORDINARY,CNC,0,CJML,#N/A,#N/A,Y,O,8,,CNC-0-CJML,mrg112,,,,,,,
mrg113,CANACONA,PARTGAL,DHAPOT,ORDINARY,CNC,PRTGL,DHPT,#N/A,#N/A,Y,O,7,,CNC-PRTGL-DHPT,mrg113,,,,,,,
mrg114,MARGAO,CURTORIM,MACAZAN,ORDINARY,MRG,CRTRM,MCZ,#N/A,#N/A,Y,O,7,,MRG-CRTRM-MCZ,mrg114,,,,,,,
mrg115,MARGAO,PND/PNJ/CHR,RAICHUR,EXPRESS,MRG,PND/PNJ/CHRL,RCHR,#N/A,#N/A,Y,IS,31,X,X:MRG-PND/PNJ/CHRL-RCHR,mrg115,,,,,,,
mrg116,VASCO,PNJ/PND/CHO,RAICHUR,EXPRESS,VSD,0,RCHR,#N/A,#N/A,Y,IS,25,X,X:VSD-0-RCHR,mrg116,,,,,,,
mrg117,MARGAO,CND/BRL,VASCO,SHUTTLE,MRG,0,VSD,#N/A,#N/A,Y,S,3,,MRG-0-VSD,mrg117,,,,,,,
mrg118,MARGAO,CHANDOR,CURCH/GPLYT,ORDINARY,MRG,CNDR,0,#N/A,#N/A,Y,O,11,,MRG-CNDR-0,mrg118,,,,,,,
mrg119,GPLYTCURCHO,SHIRODA,PONDA,ORDINARY,0,SRD,PND,#N/A,#N/A,Y,O,18,,0-SRD-PND,mrg119,,,,,,,
mrg12,MARGAO,CANACONA,RAJBAG,ORDINARY,MRG,CNC,RJBG,#N/A,#N/A,Y,O,13,,MRG-CNC-RJBG,mrg12,,,,,,,
mrg120,CURCHOREM,GGMFC/DAYAN,PONDA,ORDINARY,CURCH,DNGR,PND,#N/A,#N/A,Y,O,16,,CURCH-DNGR-PND,mrg120,,,,,,,
mrg121,PONDA,RAMNATHI,UNDIR,ORDINARY,PND,RMNT,UND,0,222,Y,O,7,,PND-RMNT-UND,mrg121,,,,,,,
mrg122,VASCO,CHORLA/BELG,RAICHUR,EXPRESS,VSD,CHRL/BGM,RCHR,#N/A,#N/A,Y,IS,26,X,X:VSD-CHRL/BGM-RCHR,mrg122,,,,,,,
mrg123,VASCO,PNJ AMD BGM,RAICHUR,EXPRESS,VSD,PNJ ANMD BGM,RCHR,#N/A,#N/A,Y,IS,27,X,X:VSD-PNJ ANMD BGM-RCHR,mrg123,,,,,,,
mrg124,MARGAO,CHANDOR,CURCHOREM,SHUTTLE,MRG,CNDR,CURCH,#N/A,#N/A,Y,S,2,S,S:MRG-CNDR-CURCH,mrg124,,,,,,,
mrg125,VASCO,PND/AMD/BGM,RAICHUR,EXPRESS,VSD,PND/ANMD/BGM,RCHR,#N/A,#N/A,Y,IS,27,X,X:VSD-PND/ANMD/BGM-RCHR,mrg125,,,,,,,
mrg126,MARGAO,GAGANBAVDA,KOLHAPUR,EXPRESS,MRG,GGNB,KLPR,#N/A,#N/A,Y,IS/X,7,X,X:MRG-GGNB-KLPR,mrg126,,,,,,,
mrg127,KOLHAPUR,GAGANBAVDA,MARGAO,EXPRESS,KLPR,GGNB,MRG,#N/A,#N/A,Y,IS,7,X,X:KLPR-GGNB-MRG,mrg127,,,,,,,
mrg128,BETUL,MURIDA,CUNCOLIM,ORDINARY,BTL,MRD,CUN,#N/A,#N/A,Y,O,6,,BTL-MRD-CUN,mrg128,,,,,,,
mrg129,CUNCOLIM,MURIDA,VELHIM,ORDINARY,CUN,MRD,VLM,#N/A,#N/A,Y,O,5,,CUN-MRD-VLM,mrg129,,,,,,,
mrg13,MARGAO,KEPEM,MOLKOPON,ORDINARY,MRG,QPM,MLKPN,#N/A,#N/A,Y,O,14,,MRG-QPM-MLKPN,mrg13,,,,,,,
mrg130,VELHIM,MURIDA,MARGAO,ORDINARY,VLM,MRD,MRG,#N/A,#N/A,Y,O,11,,VLM-MRD-MRG,mrg130,,,,,,,
mrg131,MARGAO,CUN/MURIDA,BETUL,ORDINARY,MRG,CUN/ MRD,BTL,#N/A,#N/A,Y,O,12,,MRG-CUN/ MRD-BTL,mrg131,,,,,,,
mrg132,MARGAO,CANACONA,KARWAR,ORDINARY,MRG,CNC,KWR,#N/A,#N/A,Y,IS,2,,MRG-CNC-KWR,mrg132,,,,,,,
mrg133,MRG RLY,PNJ,OLD GOA,ORDINARY,MRG RLY,PNJ,OGA,#N/A,#N/A,N,O,2,,NOT INCLUDED,mrg133,,,,,,,
mrg134,AIRPORT,CHICALIM,PANAJI,ORDINARY,APT,CKLM,PNJ,#N/A,#N/A,N,O,2,,NOT INCLUDED,mrg134,,,,,,,
mrg135,MARGAO,PILLAR/DONG,OLD GOA,SHUTTLE,MRG,PLR/,OGA,#N/A,#N/A,N,SEASONAL,2,S,NOT INCLUDED,mrg135,,,,,,,
mrg136,VASCO,PILLAR/DONG,OLD GOA,SHUTTLE,VSD,PLR/,OGA,#N/A,#N/A,N,SEASONAL,2,S,NOT INCLUDED,mrg136,,,,,,,
mrg137,PONDA,BANASTARI,OLD GOA,SHUTTLE,PND,BNST,OGA,#N/A,#N/A,N,SEASONAL,2,S,NOT INCLUDED,mrg137,,,,,,,
mrg138,PANAJI,RIBANDAR,OLD GOA,SHUTTLE,PNJ,RBND,OGA,#N/A,#N/A,N,SEASONAL,2,S,NOT INCLUDED,mrg138,,,,,,,
mrg139,MARGAO,CORTALIM,PANAJI,AC LUXURY,MRG,CRT,PNJ,#N/A,#N/A,N,S/AC,2,,NOT INCLUDED,mrg139,,,,,,,
mrg14,MARGAO,POIGINIM,KHARGAL,ORDINARY,MRG,PNGN,KHRGL,#N/A,#N/A,Y,O,22,,MRG-PNGN-KHRGL,mrg14,,,,,,,
mrg140,PANAJI,MARCEL,VALPOI,ORDINARY,PNJ,MRCL,VLP,0,59,Y,O,23,,PNJ-MRCL-VLP,mrg140,,,,,,,
mrg141,MARGAO,SADOLXEM,LOLYEM,ORDINARY,MRG,SDLX,LLYE,#N/A,#N/A,Y,O,22,,MRG-SDLX-LLYE,mrg141,,,,,,,
mrg142,PANAJI,CORTALIM,CANACONA,ORDINARY,PNJ,CRT,CNC,#N/A,#N/A,Y,O,17,,PNJ-CRT-CNC,mrg142,,,,,,,
mrg143,CURCHOREM P,BALLI,KARWAR,ORDINARY,CURCH,BALI,KWR,#N/A,#N/A,Y,O,27,,CURCH-BALI-KWR,mrg143,,,,,,,
mrg144,MARGAO,PND TISK,VAIPOI,ORDINARY,MRG,PND TSK,VLP,#N/A,#N/A,Y,O,23,,MRG-PND TSK-VLP,mrg144,,,,,,,
mrg145,CHURCHORE P,KEPEM BALLI,TUDLA,ORDINARY,CURCH,QPM BALI,TDL,#N/A,#N/A,Y,O,23,,CURCH-QPM BALI-TDL,mrg145,,,,,,,
mrg146,PANAJI,SADOLXEM,LOLYE,ORDINARY,PNJ,SDLX,LLYE,#N/A,#N/A,Y,O,27,,PNJ-SDLX-LLYE,mrg146,,,,,,,
mrg147,MARGAO,CORTALIM,PANAJI,AC LUXURY,MRG,CRT,PNJ,#N/A,#N/A,Y,AC,18,,MRG-CRT-PNJ,mrg147,,,,,,,
mrg148,CURCHOREM,CHANDOR,PANAJI,SHUTTLE,CURCH,CNDR,PNJ,#N/A,#N/A,N,S,2,S,NOT INCLUDED,mrg148,,,,,,,
mrg149,MARGAO,PONDA,BELGAO,EXPRESS,MRG,PND,BGM,#N/A,#N/A,N,IS,2,X,NOT INCLUDED,mrg149,,,,,,,
mrg15,MARGAO,CURCHOREM,MOLLEM,ORDINARY,MRG,CURCH,MLM,#N/A,#N/A,Y,O,23,,MRG-CURCH-MLM,mrg15,,,,,,,
mrg150,PANAJI,OLD GOA,BAINGINIM,EXPRESS,PNJ,OGA,BNGN,#N/A,#N/A,N,,2,X,NOT INCLUDED,mrg150,,,,,,,FALSE
mrg151,KARMALI RLY,OLD GOA,BAINGINIM,EXPRESS,KRML RLY,OGA,BNGN,#N/A,#N/A,Y,SEASONAL,2,X,X:KRML RLY-OGA-BNGN,mrg151,,,,,,,
mrg152,PANAJI,OLD GOA,GOA DARSHAN,EXPRESS,PNJ,OGA,0,#N/A,#N/A,N,,2,X,NOT INCLUDED,mrg152,,,,,,,
mrg153,MARGAO,BORIM,PONDA,SHUTTLE,MRG,BRM,PND,#N/A,#N/A,N,S,2,S,NOT INCLUDED,mrg153,,,,,,,
mrg154,MARGAO,CHANDOR,CURCHOREM,ORDINARY,MRG,CNDR,CURCH,#N/A,#N/A,Y,O,14,,MRG-CNDR-CURCH,mrg154,,,,,,,
mrg155,CURCHOREM,CHANDOR,PANAJI,ORDINARY,CURCH,CNDR,PNJ,#N/A,#N/A,Y,O,22,,CURCH-CNDR-PNJ,mrg155,,,,,,,
mrg156,MARGAO,CHINCHINI,VELLIM,ORDINARY,MRG,CHCHN,VLM,#N/A,#N/A,Y,O,11,,MRG-CHCHN-VLM,mrg156,,,,,,,
mrg157,PONDA,U.TISK,GMFC DAYANA,,PND,U.TSK,DNGR,#N/A,#N/A,Y,College Trp,7,,PND-U.TSK-DNGR,mrg157,,,,,,,
mrg16,PANJIM,LOTULIM/PND,CUNCOLIEN,ORDINARY,PNJ,LTL/PND,CNCL,#N/A,#N/A,Y,O,25,,PNJ-LTL/PND-CNCL,mrg16,,,,,,,
mrg17,MARGAO,CHANDOR,CURCHOREM,SHUTTLE,MRG,CNDR,CURCH,#N/A,#N/A,Y,S,2,S,S:MRG-CNDR-CURCH,mrg17,,,,,,,
mrg18,MARGAO,CANACONA,KUSKEM,ORDINARY,MRG,CNC,KSK,#N/A,#N/A,Y,O,22,,MRG-CNC-KSK,mrg18,,,,,,,
mrg19,CAB-DE-RAM,AGONDA,CANACONA,ORDINARY,CBDRM,AGND,CNC,#N/A,#N/A,Y,O,16,,CBDRM-AGND-CNC,mrg19,,,,,,,
mrg2,MARGAO,RADHANAGARI,MIRAJ,EXPRESS,MRG,RDNGR,MRJ,#N/A,#N/A,Y,IS,28,X,X:MRG-RDNGR-MRJ,mrg2,,,,,,,
mrg20,MARGAO,BALLI,CAB-DE-RAM,ORDINARY,MRG,BALI,CBDRM,#N/A,#N/A,Y,O,14,,MRG-BALI-CBDRM,mrg20,,,,,,,
mrg21,MARGAO,KEPEM,PIRLA,ORDINARY,MRG,QPM,PRL,#N/A,#N/A,Y,O,13,,MRG-QPM-PRL,mrg21,,,,,,,
mrg22,MARGAO,KEPEM / CRH,NETURLIM,ORDINARY,MRG,QPM/,NTL,#N/A,#N/A,Y,O,25,,MRG-QPM/-NTL,mrg22,,,,,,,
mrg23,MARGAO,CHANDOR,KALAY,ORDINARY,MRG,CNDR,KLY,#N/A,#N/A,Y,O,16,,MRG-CNDR-KLY,mrg23,,,,,,,
mrg24,MARGAO,BORIM,PONDA,ORDINARY,MRG,BRM,PND,#N/A,#N/A,Y,O,10,,MRG-BRM-PND,mrg24,,,,,,,
mrg25,MARGAO,SHIRODA,KAMARKHAN,ORDINARY,MRG,SRD,KMRKN,#N/A,#N/A,Y,O,19,,MRG-SRD-KMRKN,mrg25,,,,,,,
mrg26,MARGAO,PONDA,SAVAI S.BHT,ORDINARY,MRG,PND,SVAI,#N/A,#N/A,Y,O,18,,MRG-PND-SVAI,mrg26,,,,,,,
mrg27,PANJIM,U.TISK,ZARME,ORDINARY,PNJ,U.TSK,ZRM,#N/A,#N/A,Y,O,28,,PNJ-U.TSK-ZRM,mrg27,,,,,,,
mrg28,MARGAO,U.TISK,SAL,ORDINARY,MRG,U.TSK,SAL,#N/A,#N/A,Y,O,30,,MRG-U.TSK-SAL,mrg28,,,,,,,
mrg29,MARGAO,PALI/ BICH.,PANJIM,ORDINARY,MRG,PALI/BCH,PNJ,#N/A,#N/A,Y,O,36,,MRG-PALI/BCH-PNJ,mrg29,,,,,,,
mrg3,MARGAO,GAGANBAVDA,KOLHAPUR,EXPRESS,MRG,GGNB,KLPR,#N/A,#N/A,Y,IS,31,X,X:MRG-GGNB-KLPR,mrg3,,,,,,,
mrg30,MARGAO,CANACONA,TUDAL,ORDINARY,MRG,CNC,TDL,#N/A,#N/A,Y,O,20,,MRG-CNC-TDL,mrg30,,,,,,,
mrg31,MARGAO,AMONA/KEPEM,CURCHOREM,ORDINARY,MRG,AMN/QPM,CURCH,#N/A,#N/A,Y,O,13,,MRG-AMN/QPM-CURCH,mrg31,,,,,,,
mrg32,MARGAO,ARLEM/ RAI,SHIRODA,ORDINARY,MRG,ARLM/RAI,SRD,#N/A,#N/A,Y,O,9,,MRG-ARLM/RAI-SRD,mrg32,,,,,,,
mrg33,MARGAO,PILLR/MARCL,BICHOLIM,ORDINARY,MRG,PLR/MRCL,BCH,#N/A,#N/A,Y,O,29,,MRG-PLR/MRCL-BCH,mrg33,,,,,,,
mrg34,MARGAO,CORTALIM,PANAJI,ORDINARY,MRG,CRT,PNJ,#N/A,#N/A,Y,O,18,,MRG-CRT-PNJ,mrg34,,,,,,,
mrg35,MARGAO,CANSAULIM,PANAJI,ORDINARY,MRG,CNSL,PNJ,#N/A,#N/A,Y,O,17,,MRG-CNSL-PNJ,mrg35,,,,,,,
mrg36,MARGAO,THANA,HARBOUR,ORDINARY,MRG,THNA,HRB,#N/A,#N/A,Y,O,20,,MRG-THNA-HRB,mrg36,,,,,,,
mrg37,MARGAO,ZUARI NAGER,HARBOUR,ORDINARY,MRG,,HRB,#N/A,#N/A,Y,O,18,,MRG--HRB,mrg37,,,,,,,
mrg38,MARGAO,LTL,PANJIM,ORDINARY,MRG,LTL,PNJ,#N/A,#N/A,Y,O,19,,MRG-LTL-PNJ,mrg38,,,,,,,
mrg39,MARGAO,CORTALIM,PANJIM,SHUTTLE,MRG,CRT,PNJ,#N/A,#N/A,Y,S,2,S,S:MRG-CRT-PNJ,mrg39,,,,,,,
mrg4,MARGAO,BELGAUM,KOLHAPUR,EXPRESS,MRG,BGM,KLPR,#N/A,#N/A,Y,IS,21,X,X:MRG-BGM-KLPR,mrg4,,,,,,,
mrg40,CURCHOREM,RIVONA,SALJINI,ORDINARY,CURCH,RVN,SLJN,#N/A,#N/A,Y,O,17,,CURCH-RVN-SLJN,mrg40,,,,,,,
mrg41,CANACONA,CAJUMOL,POPAIDANDA,ORDINARY,CNC,CJML,P'DANDO,#N/A,#N/A,Y,O,12,,CNC-CJML-P'DANDO,mrg41,,,,,,,
mrg42,MARGAO,ZUARI NAGAR,VASCO,SHUTTLE,MRG,ZNGR,VSD,#N/A,#N/A,Y,S,2,S,S:MRG-ZNGR-VSD,mrg42,,,,,,,
mrg43,MARGAO,ZUARI NAGER,VASCO,ORDINARY,MRG,,VSD,#N/A,#N/A,Y,O,17,,MRG--VSD,mrg43,,,,,,,
mrg44,MARGAO,CANACONA,POPAIDANDO,ORDINARY,MRG,CNC,P'DANDO,#N/A,#N/A,Y,O,23,,MRG-CNC-P'DANDO,mrg44,,,,,,,
mrg45,MARGAO,KEPEM,CURCHOREM,ORDINARY,MRG,QPM,CURCH,#N/A,#N/A,Y,O,13,,MRG-QPM-CURCH,mrg45,,,,,,,
mrg46,TT IND.EST.,LOTULIM,CUNCOLIEN,ORDINARY,TTN IND EST,,CNCL,#N/A,#N/A,Y,O,17,,TTN IND EST--CNCL,mrg46,,,,,,,
mrg47,CANACONA,PARTAGAL,KUSKEM,ORDINARY,CNC,PRTGL,KSK,#N/A,#N/A,Y,O,11,,CNC-PRTGL-KSK,mrg47,,,,,,,
mrg48,CANACONA,BHATPAL,TUDAL,ORDINARY,CNC,BTPL,TDL,#N/A,#N/A,Y,O,9,,CNC-BTPL-TDL,mrg48,,,,,,,
mrg49,MARGAO,BETUL/AGOND,CANACONA,ORDINARY,MRG,BTL/AGND,CNC,#N/A,#N/A,Y,O,21,,MRG-BTL/AGND-CNC,mrg49,,,,,,,
mrg5,MARGAO,PND/ANMOD,HUBLI,EXPRESS,MRG,PND/ANMD,HBL,#N/A,#N/A,Y,IS,18,X,X:MRG-PND/ANMD-HBL,mrg5,,,,,,,
mrg50,MARGAO,KEPEM,KALAY,ORDINARY,MRG,QPM,KLY,#N/A,#N/A,Y,O,16,,MRG-QPM-KLY,mrg50,,,,,,,
mrg51,PONDA,SHIRODA,CURCHUREM,ORDINARY,PND,SRD,CURCH,#N/A,#N/A,Y,O,16,,PND-SRD-CURCH,mrg51,,,,,,,
mrg52,CURCHOREM,COLLEM,MOLLEM,ORDINARY,CURCH,CLM,MLM,#N/A,#N/A,Y,O,12,,CURCH-CLM-MLM,mrg52,,,,,,,
mrg53,PONDA,SHIRODA,KAMARKHAN,ORDINARY,PND,SRD,KMRKN,#N/A,#N/A,Y,O,18,,PND-SRD-KMRKN,mrg53,,,,,,,
mrg54,PONDA,KERI,SAVOI,ORDINARY,PND,KERI,SVAI,0,69,Y,O,9,,PND-KERI-SVAI,mrg54,,,,,,,
mrg55,MARGAO,KEPEM,SULKARNA,ORDINARY,MRG,QPM,SLKRN,#N/A,#N/A,Y,O,16,,MRG-QPM-SLKRN,mrg55,,,,,,,
mrg56,MARGAO,ZUARI NAGAR,HARBOUR/VSD,ORDINARY,MRG,ZNGR,HRB/VSD,#N/A,#N/A,N,O,17,,NOT INCLUDED,mrg56,,,,,,,
mrg57,TT IND.ESTE,LOTULIM/BRM,SHIRODA,ORDINARY,TTN IND EST,LTL/BRM,SRD,#N/A,#N/A,Y,O,12,,TTN IND EST-LTL/BRM-SRD,mrg57,,,,,,,
mrg58,PANJIM,TTN/LOTULIM,SHIRODA,ORDINARY,PNJ,TTN/LTL,SRD,#N/A,#N/A,Y,O,21,,PNJ-TTN/LTL-SRD,mrg58,,,,,,,
mrg59,SANVORDEM,SANGUEM,SALJINI,ORDINARY,CURCH,SNGM,SLJN,#N/A,#N/A,Y,O,18,,CURCH-SNGM-SLJN,mrg59,,,,,,,
mrg6,MARGAO,CURCHOREM,BELGAUM,EXPRESS,MRG,CURCH,BGM,#N/A,#N/A,Y,IS,20,X,X:MRG-CURCH-BGM,mrg6,,,,,,,
mrg60,CANACONA,AGONDA,VAL,ORDINARY,CNC,AGND,VAL,#N/A,#N/A,Y,O,6,,CNC-AGND-VAL,mrg60,,,,,,,
mrg61,MARGAO,FATORPA,VAL,ORDINARY,MRG,FTRP,VAL,#N/A,#N/A,Y,O,23,,MRG-FTRP-VAL,mrg61,,,,,,,
mrg62,MARGAO,CRH/NERTURL,SALJINI,ORDINARY,MRG,CURCH/NTL,SLJN,#N/A,#N/A,Y,O,27,,MRG-CURCH/NTL-SLJN,mrg62,,,,,,,
mrg63,MARGAO,CANACONA,TIRVAN,ORDINARY,MRG,CNC,TRVN,#N/A,#N/A,Y,O,20,,MRG-CNC-TRVN,mrg63,,,,,,,
mrg64,MARGAO,CANACONA,VAL,ORDINARY,MRG,CNC,VAL,#N/A,#N/A,Y,O,17,,MRG-CNC-VAL,mrg64,,,,,,,
mrg65,MARGAO,MONGUL,VP BETALBAT,ORDINARY,MRG,MNGL ,BTBT,#N/A,#N/A,Y,O,7,,MRG-MNGL -BTBT,mrg65,,,,,,,
mrg66,COLLEM,U.TISK,PANJIM,ORDINARY,CLM,U.TSK,PNJ,0,98,Y,O,23,,CLM-U.TSK-PNJ,mrg66,,,,,,,
mrg67,MARGAO,CORTALIM,PANAJI,AC LUXURY,MRG,CRT,PNJ,#N/A,#N/A,Y,S/AC,2,,MRG-CRT-PNJ,mrg67,,,,,,,
mrg68,MARGAO,ANMOD,BELGAUM CBT,EXPRESS,MRG,ANMD ,BGM CBT,#N/A,#N/A,Y,IS,16,X,X:MRG-ANMD -BGM CBT,mrg68,,,,,,,
mrg69,KARASHI/DAN,CANACONA,PANAJI,ORDINARY,KRSH,CNC,PNJ,#N/A,#N/A,Y,O,26,,KRSH-CNC-PNJ,mrg69,,,,,,,
mrg7,MARGAO,PND/ANMOD,CBT BELGAUM,ORDINARY,MRG,PND/ANMD,BGM CBT,#N/A,#N/A,Y,IS,16,,MRG-PND/ANMD-BGM CBT,mrg7,,,,,,,
mrg70,MARGAO,MALEWAD,MALVAN,ORDINARY,MRG,MLWD,MLW,#N/A,#N/A,Y,IS,37,,MRG-MLWD-MLW,mrg70,,,,,,,
mrg71,MARGAO,THANA,VASCO,ORDINARY,MRG,THNA,VSD,#N/A,#N/A,Y,O,18,,MRG-THNA-VSD,mrg71,,,,,,,
mrg72,VAL,MARGAO,PANAJI,ORDINARY,VAL,MRG,PNJ,#N/A,#N/A,Y,O,27,,VAL-MRG-PNJ,mrg72,,,,,,,
mrg73,MOLKOPON,MARGAO,PANAJI,ORDINARY,MLKPN,MRG,PNJ,#N/A,#N/A,Y,O,23,,MLKPN-MRG-PNJ,mrg73,,,,,,,
mrg74,PIRLA,MARGAO,PANAJI,ORDINARY,PRL,MRG,PNJ,#N/A,#N/A,Y,O,24,,PRL-MRG-PNJ,mrg74,,,,,,,
mrg75,CAB-DE-RAM,MARGAO,PANAJI,ORDINARY,CBDRM,MRG,PNJ,#N/A,#N/A,Y,O,25,,CBDRM-MRG-PNJ,mrg75,,,,,,,
mrg76,NETURLIM,MARGAO,PANAJI,ORDINARY,NTL,MRG,PNJ,#N/A,#N/A,Y,O,34,,NTL-MRG-PNJ,mrg76,,,,,,,
mrg77,TIRVAN,MARGAO,PANAJI,ORDINARY,TRVN,MRG,PNJ,#N/A,#N/A,Y,O,30,,TRVN-MRG-PNJ,mrg77,,,,,,,
mrg78,MOLLEM,MARGAO,PANAJI,ORDINARY,MLM,MRG,PNJ,#N/A,#N/A,Y,O,30,,MLM-MRG-PNJ,mrg78,,,,,,,
mrg79,TUDAL,MARGAO,PANAJI,ORDINARY,TDL,MRG,PNJ,#N/A,#N/A,Y,O,29,,TDL-MRG-PNJ,mrg79,,,,,,,
mrg8,MARGAO,PATRADEVI,SAWANTWADI,EXPRESS,MRG,PTR,SWD,#N/A,#N/A,Y,IS,26,X,X:MRG-PTR-SWD,mrg8,,,,,,,
mrg80,KAMARKHAN,MARGAO,PANAJI,ORDINARY,KMRKN,MRG,PNJ,#N/A,#N/A,Y,O,29,,KMRKN-MRG-PNJ,mrg80,,,,,,,
mrg81,KHARGAL,CANACONA,MARGAO,ORDINARY,KHRGL,CNC,MRG,#N/A,#N/A,Y,O,19,,KHRGL-CNC-MRG,mrg81,,,,,,,
mrg82,MARGAO,RIVONA,VADDEM,ORDINARY,MRG,RVN,VDM,#N/A,#N/A,Y,O,22,,MRG-RVN-VDM,mrg82,,,,,,,
mrg83,CURCHOREM,RIVONA,VADDEM,ORDINARY,CURCH,RVN,VDM,#N/A,#N/A,Y,O,15,,CURCH-RVN-VDM,mrg83,,,,,,,
mrg84,VADDEM,RVN/MARGAO,PANAJI,ORDINARY,VDM,0,PNJ,#N/A,#N/A,Y,O,33,,VDM-0-PNJ,mrg84,,,,,,,
mrg85,MARGAO,CUNCOLIM,CANACONA,SHUTTLE,MRG,CUN,CNC,#N/A,#N/A,Y,S,2,S,S:MRG-CUN-CNC,mrg85,,,,,,,
mrg86,PANAJI,CORTALIM,VASCO,ORDINARY,PNJ,CRT,VSD,0,168,Y,O,16,,PNJ-CRT-VSD,mrg86,,,,,,,
mrg87,BICHOLIM,MARCEL,TITAN IND,ORDINARY,BCH,MRCL,TTN IND,#N/A,#N/A,Y,O,22,,BCH-MRCL-TTN IND,mrg87,,,,,,,
mrg88,IND EST,CORTALIM,MARGAO,ORDINARY,IND EST,CRT,MRG,#N/A,#N/A,Y,O,13,,IND EST-CRT-MRG,mrg88,,,,,,,
mrg89,MARGAO,MACAZAN,COTTA,ORDINARY,MRG,MCZ,COTA,#N/A,#N/A,Y,O,10,,MRG-MCZ-COTA,mrg89,,,,,,,
mrg9,MARGAO,KARWAR,GOKARNA,EXPRESS,MRG,KWR,GKRN,#N/A,#N/A,Y,IS,18,X,X:MRG-KWR-GKRN,mrg9,,,,,,,
mrg90,COTTA,MARGAO/CRT,PANAJI,ORDINARY,COTA,MRG/CRT,PNJ,#N/A,#N/A,Y,O,18,,COTA-MRG/CRT-PNJ,mrg90,,,,,,,
mrg91,AGONDA,VAGON/SHIRO,CABDERAM,ORDINARY,AGND,VGN/SRD,CBDRM,#N/A,#N/A,Y,O,12,,AGND-VGN/SRD-CBDRM,mrg91,,,,,,,
mrg92,CANACONA,PARVEM,MATIMOL,ORDINARY,CNC,PRVM,MTML,#N/A,#N/A,Y,O,10,,CNC-PRVM-MTML,mrg92,,,,,,,
mrg93,RAJBAG,CANCONA,KARWAR,ORDINARY,RJBG,CNC,KWR,#N/A,#N/A,Y,IS,13,,RJBG-CNC-KWR,mrg93,,,,,,,
mrg94,CANACONA,KHANGINI,MARGAO,ORDINARY,CNC,KNGN,MRG,#N/A,#N/A,Y,O,22,,CNC-KNGN-MRG,mrg94,,,,,,,
mrg95,DHAPOT,CANACONA,MARGAO,ORDINARY,DHPT,CNC,MRG,#N/A,#N/A,Y,O,20,,DHPT-CNC-MRG,mrg95,,,,,,,
mrg96,MARGAO,VERNA,CIPLA,ORDINARY,MRG,VRN,CPL,#N/A,#N/A,Y,O,7,,MRG-VRN-CPL,mrg96,,,,,,,
mrg97,MARGAO,NAVELIM,DHARMAPUR,ORDINARY,MRG,NVLM,DMPR,#N/A,#N/A,Y,O,4,,MRG-NVLM-DMPR,mrg97,,,,,,,
mrg98,MARGAO,NAVELIM,DIKARPAL,ORDINARY,MRG,NVLM,DKPL,#N/A,#N/A,Y,O,3,,MRG-NVLM-DKPL,mrg98,,,,,,,
mrg99,MARGAO,NAVELIM/RVF,DON CROSS,ORDINARY,MRG,0,DN X,#N/A,#N/A,Y,O,5,,MRG-0-DN X,mrg99,,,,,,,
pnj1,PANAJIM,PATRADEVI,SAWANTWADI,EXPRESS,PNJ,PTR,SWD,0,96,Y,IS,21,X,X:PNJ-PTR-SWD,pnj1,,,,,,,
pnj10,PANJIM,SANVORDEM,KALAY,LOCAL,PNJ,CURCH,KLY,0,95,Y,O,26,,PNJ-CURCH-KLY,pnj10,,,,,,,
pnj100,PONDA,KURTTI,KENDRIYVIDY,LOCAL,PND,CRTI,KV HS,#N/A,#N/A,N,,3,,NOT INCLUDED,pnj100,,,,,,,
pnj101,PANJIM,PONDA,SHIRSHIRE,LOCAL,PNJ,PND,SRSR,#N/A,#N/A,Y,,14,,PNJ-PND-SRSR,pnj101,,,,,,,
pnj102,PONDA,TOPCOLA,SHIRSHIRE,LOCAL,PND,TOPC,SRSR,0,216,N,,4,,NOT INCLUDED,pnj102,,,,,,,
pnj103,PANJIM,MPS-VLP,VALPOI,LOCAL,PNJ,MPS-VLP,VLP,0,97,Y,O,30,,PNJ-MPS-VLP-VLP,pnj103,,,,,,,
pnj104,PANAJI,AMONA,VALPAI,LOCAL,PNJ,AMN,VLP,0,59,Y,O,23,,PNJ-AMN-VLP,pnj104,,,,,,,
pnj105,PANJIM,BICHOLIM,SANQUELIM,LOCAL,PNJ,BCH,SNK,0,10,Y,O,22,,PNJ-BCH-SNK,pnj105,,,,,,,
pnj106,TONCA,MARCEL,VALPOI,LOCAL,TNC,MRCL,VLP,#N/A,#N/A,N,,16,,NOT INCLUDED,pnj106,,,,,,,
pnj107,TONCA,MARCEL,SAKHALI,LOCAL,TNC,MRCL,SNK,#N/A,#N/A,N,,7,,NOT INCLUDED,pnj107,,,,,,,
pnj108,PANJIM,MIRAMAR,G.M.C.BAMBL,LOCAL,PNJ,MRMR,BBL,#N/A,#N/A,Y,,14,,PNJ-MRMR-BBL,pnj108,,,,,,,
pnj109,BICHOLIM,MARCEL,PONDA,LOCAL,BCH,MRCL,PND,0,217,Y,O,14,,BCH-MRCL-PND,pnj109,,,,,,,
pnj11,PANJIM,S.WADI,BELGAUM,EXPRESS,PNJ,SWD,BGM,0,173,Y,IS,21,X,X:PNJ-SWD-BGM,pnj11,,,,,,,
pnj110,BICHOLIM,MARCEL,MARGAO,LOCAL,BCH,MRCL,MRG,0,218,Y,O,24,,BCH-MRCL-MRG,pnj110,,,,,,,
pnj111,PANAJI,CHORLA,BELGAUM CBT,EXPRESS,PNJ,CHRL,BGM CBT,0,202,Y,IS,25,X,X:PNJ-CHRL-BGM CBT,pnj111,,,,,,,
pnj112,PANJIM,ST.CRUZ,OLD BAMBOLI,LOCAL,PNJ,,OLD BBL,#N/A,#N/A,Y,,9,,PNJ--OLD BBL,pnj112,,,,,,,
pnj113,PNJ MARKET,GMC,OLD BAMBOLI,LOCAL,PNJ MKT,BBL,OLD BBL,#N/A,#N/A,Y,,5,,PNJ MKT-BBL-OLD BBL,pnj113,,,,,,,
pnj114,PANJIM,ST.CRUZ,GMC COLNY,LOCAL,PNJ,,BBL,#N/A,#N/A,Y,,4,,PNJ--BBL,pnj114,,,,,,,
pnj115,PANJIM,ST.CRUZ,NAVSHI,LOCAL,PNJ,,NVS,#N/A,#N/A,Y,,5,,PNJ--NVS,pnj115,,,,,,,
pnj116,PANJIM,ALDONA/POIR,BICHOLIM,LOCAL,PNJ,ALD/PRA,BCH,#N/A,#N/A,Y,,14,,PNJ-ALD/PRA-BCH,pnj116,,,,,,,
pnj117,PANJIM,MPS/MRCL,MARGAO,LOCAL,PNJ,MPS/MRCL,MRG,#N/A,#N/A,N,,43,,NOT INCLUDED,pnj117,,,,,,,
pnj118,PANJIM,ST.CRZ,BMBL/ IPHB,LOCAL,PNJ,S.CRZ,BBL/IPHB,#N/A,#N/A,N,,4,,NOT INCLUDED,pnj118,,,,,,,
pnj119,PANJIM,MARGAO,SANVORDEM,SHUTTLE,PNJ,MRG,CURCH,#N/A,#N/A,N,,3,,NOT INCLUDED,pnj119,,,,,,,
pnj12,PANJIM,PONDA,MARGAO,LOCAL,PNJ,PND,MRG,0,5,Y,O,19,,PNJ-PND-MRG,pnj12,,,,,,,
pnj120,PANAJI,RIBANDER,OLDGOA,SHUTTLE,PNJ,RBND,OGA,#N/A,#N/A,N,SEASONAL,2,S,NOT INCLUDED,pnj120,,,,,,,
pnj121,PONDA,BHANASTARI,OLDGOA,SHUTTLE,PND,BNST,OGA,#N/A,#N/A,N,,2,S,NOT INCLUDED,pnj121,,,,,,,
pnj122,OLDGOA,PANAJI,MAPUSA,SHUTTLE,OGA,PNJ,MPS,#N/A,#N/A,N,SEASONAL,3,,NOT INCLUDED,pnj122,,,,,,,
pnj123,PNJ STAND,ST.INEZ,PNJ MARKET,LOCAL,PNJ,S.INZ,PNJ MKT,#N/A,#N/A,N,,12,,NOT INCLUDED,pnj123,,,,,,,
pnj124,RAJ BHAVAN,PNJ/PND,MALPAN,LOCAL,RB,PNJ/PND,MLPN,0,219,Y,O,36,,RB-PNJ/PND-MLPN,pnj124,,,,,,,
pnj125,PANAJI,PALSARE,PONDA,LOCAL,PNJ,PLSR,PND,0,220,Y,O,18,,PNJ-PLSR-PND,pnj125,,,,,,,
pnj126,PONDA,MARCEL,SAKHALI,LOCAL,PND,MRCL,SNK,0,126,Y,,12,,PND-MRCL-SNK,pnj126,,,,,,,
pnj127,PONDA,MKT/ST.INZ,CUJIRA,SHUTTLE,PND,MKT/S.INZ,CUJ,#N/A,#N/A,N,,4,,NOT INCLUDED,pnj127,,,,,,,
pnj128,PANAJIM,PATRADEVI,MARGAO,EXPRESS,PNJ,PTR,MRG,#N/A,#N/A,N,,2,X,NOT INCLUDED,pnj128,,,,,,,
pnj129,PANAJI,CORTALIM,VASCO,AC SHUTTLE,PNJ,CRT,VSD,#N/A,#N/A,Y,,2,S,S:PNJ-CRT-VSD,pnj129,,,,,,,
pnj13,PANJIM,LONDA,BELGAUM,EXPRESS,PNJ,LND,BGM,0,172,Y,IS,17,X,X:PNJ-LND-BGM,pnj13,,,,,,,
pnj130,PANAJI,RIBANDAR,OLDGOA,SHUTTLE,PNJ,RBND,OGA,#N/A,#N/A,N,SEASONAL,2,S,NOT INCLUDED,pnj130,,,,,,,
pnj131,OLD GOA,KARMALI,KARMALI STN,SHUTTLE,OGA,KRML,KRML RLY,#N/A,#N/A,N,SEASONAL,2,S,NOT INCLUDED,pnj131,,,,,,,
pnj132,KARMALI STN,PILLAR,MARGAO STN,SHUTTLE,KRML RLY,PLR,MRG RLY STN,#N/A,#N/A,N,NO,2,S,NOT INCLUDED,pnj132,,,,,,,
pnj133,PANAJI,NORTH/SOUTH,GOA DARSHAN,SHUTTLE,PNJ,0,0,#N/A,#N/A,N,SEASONAL,2,S,NOT INCLUDED,pnj133,,,,,,,
pnj134,OLDGOA,KARMALI,NEVRA,VOLVO,OGA,KRML,NVR,#N/A,#N/A,N,NO,2,,NOT INCLUDED,pnj134,,,,,,,
pnj135,OLDGOA,DARGA,PINTO GARAG,VOLVO,OGA,DRG,0,#N/A,#N/A,N,NO,2,,NOT INCLUDED,pnj135,,,,,,,
pnj136,PONDA,LOTOLIM,VASCO,SHUTTLE,PND,LTL,VSD,#N/A,#N/A,N,,2,S,NOT INCLUDED,pnj136,,,,,,,
pnj137,PONDA,BORIM,MARGAO,SHUTTLE,PND,BRM,MRG,#N/A,#N/A,N,,2,S,NOT INCLUDED,pnj137,,,,,,,
pnj138,PANAJI,BYPASS,PEDNEM,SHUTTLE,PNJ,0,PDN,#N/A,#N/A,N,,2,S,NOT INCLUDED,pnj138,,,,,,,
pnj139,PANAJI,RIBANDAR,OLDGOA FERY,LOCAL,PNJ,RBND,OGA FER,#N/A,#N/A,N,,5,,NOT INCLUDED,pnj139,,,,,,,
pnj14,PANJIM,MARGAO,KARWAR,LOCAL,PNJ,MRG,KWR,#N/A,#N/A,Y,IS,20,,PNJ-MRG-KWR,pnj14,,,,,,,
pnj140,PANAJI,ST.PEDRO,VASHI FERY,LOCAL,PNJ,SPF,VSH FER,#N/A,#N/A,N,,8,,NOT INCLUDED,pnj140,,,,,,,
pnj141,SAO PEDRO,DIVAR CENTR,VASHI FERY,LOCAL,SPF,DWR,VSH FER,#N/A,#N/A,N,,4,,NOT INCLUDED,pnj141,,,,,,,
pnj15,PANJIM,SHUTTLE,MARGAO,SHUTTLE,PNJ,SHTL,MRG,#N/A,#N/A,Y,,2,S,S:PNJ-SHTL-MRG,pnj15,,,,,,,
pnj16,PANJIM,0,VASCO,SHUTTLE,PNJ,,VSD,#N/A,#N/A,Y,,2,S,S:PNJ--VSD,pnj16,,,,,,,
pnj17,PANJIM,0,MARGAO,AC LUXURY,PNJ,,MRG,#N/A,#N/A,N,,2,,NOT INCLUDED,pnj17,,,,,,,
pnj18,HARMAL,SIOLIM,MAPUSA,LOCAL,HRML,SOL,MPS,0,189,Y,O,12,,HRML-SOL-MPS,pnj18,,,,,,,
pnj19,PANJIM,BELGAUM,BADAMI,EXPRESS,PNJ,BGM,BDMI,#N/A,#N/A,Y,IS,24,X,X:PNJ-BGM-BDMI,pnj19,,,,,,,
pnj2,PANJIM,DODAMARG,MORLE,LOCAL,PNJ,DMG,MRL,#N/A,#N/A,Y,,31,,PNJ-DMG-MRL,pnj2,,,,,,,
pnj20,PANJIM,CORTALIM,MARGAO,LOCAL,PNJ,CRT,MRG,0,2,Y,O,16,,PNJ-CRT-MRG,pnj20,,,,,,,
pnj21,PANJIM,MPS-BICHOLI,KUDACHIRE,EXPRESS,PNJ,MPS/BCH,KDCR,0,183,Y,O,27,X,X:PNJ-MPS/BCH-KDCR,pnj21,,,,,,,
pnj22,PANAJI,CORTALIM,HARBOUR,LOCAL,PNJ,CRT,HRB,0,4,Y,O,19,,PNJ-CRT-HRB,pnj22,,,,,,,
pnj23,PANAJI,ZUARI NAGAR,VASCO,LOCAL,PNJ,ZNGR,VSD,#N/A,#N/A,Y,,18,,PNJ-ZNGR-VSD,pnj23,,,,,,,
pnj24,PANJIM,BANASTARI,PONDA,LOCAL,PNJ,BNST,PND,0,113,Y,O,11,,PNJ-BNST-PND,pnj24,,,,,,,
pnj25,PONDA,AGAPUR,AGP SHIMER,LOCAL,PND,AGP,AGP SMR,0,221,Y,O,8,,PND-AGP-AGP SMR,pnj25,,,,,,,
pnj26,PONDA,KARWADA,UNDIR,LOCAL,PND,KRWD,UND,0,222,Y,NO,8,,PND-KRWD-UND,pnj26,,,,,,,
pnj27,PANJIM,MAPUSA,SHEMECHEADV,LOCAL,PNJ,MPS,SMADV,0,175,Y,O,18,,PNJ-MPS-SMADV,pnj27,,,,,,,
pnj28,MARGAO,LONDA,BELGAUMCBT,LOCAL,MRG,LND,,#N/A,#N/A,N,IS,16,,NOT INCLUDED,pnj28,,,,,,,
pnj29,PANJIM,OLD GOA,GAWANDALI,LOCAL,PNJ,OGA,GWNDL,#N/A,#N/A,N,,6,,NOT INCLUDED,pnj29,,,,,,,
pnj3,PANJIM,A.I.RADIO,ALTINO,LOCAL,PNJ,AIR,ALT,0,174,Y,,4,,PNJ-AIR-ALT,pnj3,,,,,,,
pnj30,PANJIM,0,SECRETARIAT,EXPRESS,PNJ,,SECT,#N/A,#N/A,N,,2,X,NOT INCLUDED,pnj30,,,,,,,
pnj31,PANJIM,0,PRV EDU.,EXPRESS,PNJ,,PRV EDU.,#N/A,#N/A,N,,2,X,NOT INCLUDED,pnj31,,,,,,,
pnj32,PANJIM,MIRAMER,RAJBHAVAN,LOCAL,PNJ,MRMR,RB,#N/A,#N/A,Y,,6,,PNJ-MRMR-RB,pnj32,,,,,,,
pnj33,PANJIM,SALIGAO,CALANGUT,LOCAL,PNJ,SLG,CLG,0,190,Y,O,7,,PNJ-SLG-CLG,pnj33,,,,,,,
pnj34,PANJIM,BY PASS,KUDCHIRE,LOCAL,PNJ,0,KDCR,#N/A,#N/A,Y,,12,,PNJ-0-KDCR,pnj34,,,,,,,
pnj35,PANJIM,BETIM,MAPUSA,LOCAL,PNJ,BTM,MPS,#N/A,#N/A,N,,6,,NOT INCLUDED,pnj35,,,,,,,
pnj36,PANJIM,BY PASS,VIRDI,LOCAL,PNJ,0,VRD,#N/A,#N/A,Y,O,10,,PNJ-0-VRD,pnj36,,,,,,,
pnj37,PANJIM,BANASTARI,SANQUELIM,LOCAL,PNJ,BNST,SNK,0,45,Y,O,13,,PNJ-BNST-SNK,pnj37,,,,,,,
pnj38,SANQUELIM,SURLA,GHOTKATAL,LOCAL,SNK,SRL,GTKTL,#N/A,#N/A,N,,10,,NOT INCLUDED,pnj38,,,,,,,
pnj39,PANJIM,SIOLIM,HARMAL,LOCAL,PNJ,SOL,HRML,0,186,Y,O,19,,PNJ-SOL-HRML,pnj39,,,,,,,
pnj4,PANJIM,ST.INEZ,ALTINO,LOCAL,PNJ,S.INZ,ALT,#N/A,#N/A,Y,,4,,PNJ-S.INZ-ALT,pnj4,,,,,,,
pnj40,PANJIM,PORVORIM,MAPUSA,LOCAL,PNJ,PRV,MPS,#N/A,#N/A,Y,,9,,PNJ-PRV-MPS,pnj40,,,,,,,
pnj41,PANJIM,MPS-PEDNE,MOPA,LOCAL,PNJ,MPS-PDN,MPA,0,204,Y,O,27,,PNJ-MPS-PDN-MPA,pnj41,,,,,,,
pnj42,PANJIM,SHIRODA,VENGURLA,EXPRESS,PNJ,SRD,VNGL,0,182,Y,IS,26,X,X:PNJ-SRD-VNGL,pnj42,,,,,,,
pnj43,PANJIM,AMN - SQL,SURLA,LOCAL,PNJ,AMN-SQL,SRL,0,191,Y,O,22,,PNJ-AMN-SQL-SRL,pnj43,,,,,,,
pnj44,PANJIM,MARCEL,VOLVOI,LOCAL,PNJ,MRCL,VLV,0,192,Y,O,17,,PNJ-MRCL-VLV,pnj44,,,,,,,
pnj45,PANJIM,MRC-VLV,PONDA,LOCAL,PNJ,MRC-VLV,PND,0,193,Y,O,24,,PNJ-MRC-VLV-PND,pnj45,,,,,,,
pnj46,PANJIM,PONDA,VAGURME,LOCAL,PNJ,PND,VGRM,0,194,Y,O,18,,PNJ-PND-VGRM,pnj46,,,,,,,
pnj47,PANJIM,MPS-VLP,COPARDE,EXPRESS,PNJ,MPS-VLP,CPD,#N/A,#N/A,Y,,31,X,X:PNJ-MPS-VLP-CPD,pnj47,,,,,,,
pnj48,PANJIM,MPS-VLP,RIVE,EXPRESS,PNJ,MPS-VLP,RVE,0,185,Y,O,37,X,X:PNJ-MPS-VLP-RVE,pnj48,,,,,,,
pnj49,PANJIM,SANTA CRUZ,BAMBOLI GMC,LOCAL,PNJ,S.CRZ,BBL,#N/A,#N/A,Y,O,3,,PNJ-S.CRZ-BBL,pnj49,,,,,,,
pnj5,PANJIM,MAPUSA,BADEM,LOCAL,PNJ,MPS,BDM ,0,84,Y,O,16,,PNJ-MPS-BDM ,pnj5,,,,,,,
pnj50,PANJIM,SANTA CRUZ,GOA UNVRSTY,LOCAL,PNJ,S.CRZ,GU,#N/A,#N/A,N,,4,,NOT INCLUDED,pnj50,,,,,,,
pnj51,PANAJI,PLR - CRT,TITAN,LOCAL,PNJ,PLR - CRT,TTN,0,94,Y,O,13,,PNJ-PLR - CRT-TTN,pnj51,,,,,,,
pnj52,PANAJI,MAPUSA,AGARWADA,LOCAL,PNJ,MPS,AGWD,#N/A,#N/A,N,,20,,NOT INCLUDED,pnj52,,,,,,,
pnj53,PANAJI,AMONA,RIVE,EXPRESS,PNJ,AMN,RVE,0,206,Y,O,29,X,X:PNJ-AMN-RVE,pnj53,,,,,,,
pnj54,PANJIM,BANASTARI,ENG COLLEGE,LOCAL,PNJ,BNST,0,#N/A,#N/A,Y,,14,,PNJ-BNST-0,pnj54,,,,,,,
pnj55,PANJIM,CORTALIM,VASCO,LOCAL,PNJ,CRT,VSD,0,3,Y,O,16,,PNJ-CRT-VSD,pnj55,,,,,,,
pnj56,MAPUSA,ASAGAO,BADEM,LOCAL,MPS,ASG,BDM ,0,64,Y,O,9,,MPS-ASG-BDM ,pnj56,,,,,,,
pnj57,MAPUSA,KUCHELI,SIOLIM TAR,LOCAL,MPS,KCHL,SOL TAR,#N/A,#N/A,N,,7,,NOT INCLUDED,pnj57,,,,,,,
pnj58,PONDA,KHANDEPAR,VAGURME,LOCAL,PND,KNDPR,VGRM,0,92,Y,O,6,,PND-KNDPR-VGRM,pnj58,,,,,,,
pnj59,VOLVAI,BETKI,MARCEL,LOCAL,VLV,BTK,MRCL,0,195,Y,O,6,,VLV-BTK-MRCL,pnj59,,,,,,,
pnj6,PANJIM,SHUTTLE,MAPUSA,SHUTTLE,PNJ,SHTL,MPS,#N/A,#N/A,Y,,2,S,S:PNJ-SHTL-MPS,pnj6,,,,,,,
pnj60,PNJ MKT,PONDA/NAVE,TAMDI SURLA,LOCAL,PNJ MKT,0,TSRL,0,207,Y,,32,,PNJ MKT-0-TSRL,pnj60,,,,,,,
pnj61,PANAJI,PONDA/SATPA,TAMDI SURLA,LOCAL,PNJ,0,TSRL,#N/A,#N/A,Y,O,28,,PNJ-0-TSRL,pnj61,,,,,,,
pnj62,PONDA,DABAL,KODLI TISK,LOCAL,PND,DBL,CDL TSK,0,196,Y,O,8,,PND-DBL-CDL TSK,pnj62,,,,,,,
pnj63,PANAJI,PEDNE,PETHCHEWADI,LOCAL,PNJ,PDN,PTHWD,0,197,Y,O,22,,PNJ-PDN-PTHWD,pnj63,,,,,,,
pnj64,PANAJI,MAFSA,PEDNE,LOCAL,PNJ,MPS,PDN,0,208,Y,O,18,,PNJ-MPS-PDN,pnj64,,,,,,,
pnj65,PANAJI,PEDNE,TEREKHOL,EXPRESS,PNJ,PDN,TRKL,0,65,Y,X,24,X,X:PNJ-PDN-TRKL,pnj65,,,,,,,
pnj66,MARGAO,BORIM,R.E.COLLAGE,LOCAL,MRG,BRM,RCOL,#N/A,#N/A,Y,,10,,MRG-BRM-RCOL,pnj66,,,,,,,
pnj67,PANJIM,BICHOLIM,AMTHANE,LOCAL,PNJ,BCH,AMT,0,198,Y,O,25,,PNJ-BCH-AMT,pnj67,,,,,,,
pnj68,PANJIM,BICHOLIM,VIRDI,LOCAL,PNJ,BCH,VRD,0,199,Y,O,27,,PNJ-BCH-VRD,pnj68,,,,,,,
pnj69,PANJIM,BICHOLIM,SRD.COLLAGE,LOCAL,PNJ,BCH,SRD COL,#N/A,#N/A,Y,,30,,PNJ-BCH-SRD COL,pnj69,,,,,,,
pnj7,PANJIM,SHUTTLE,SAKHALI,SHUTTLE,PNJ,SHTL,SNK,#N/A,#N/A,Y,,2,S,S:PNJ-SHTL-SNK,pnj7,,,,,,,
pnj70,CODLI TISK,PONDA,PANJIM,LOCAL,CDL TSK,PND,PNJ,#N/A,#N/A,Y,O,21,,CDL TSK-PND-PNJ,pnj70,,,,,,,
pnj71,SANVORDEM,KAKORDA,SOLYE,LOCAL,CURCH,KKRD,SLYE,0,223,Y,O,3,,CURCH-KKRD-SLYE,pnj71,,,,,,,
pnj72,PANJIM,OLDGOA,PONDA,SHUTTLE,PNJ,OGA,PND,#N/A,#N/A,Y,,2,S,S:PNJ-OGA-PND,pnj72,,,,,,,
pnj73,AMTHANE,COLVALE,PANAJI,LOCAL,AMT,CLVL,PNJ,0,209,Y,O,19,,AMT-CLVL-PNJ,pnj73,,,,,,,
pnj74,VOLVAI,VAGURME,MARGAO,LOCAL,VLV,VGRM,MRG,#N/A,#N/A,N,,19,,NOT INCLUDED,pnj74,,,,,,,
pnj75,PONDA,VASCO,HARBOUR,LOCAL,PND,VSD,HRB,#N/A,#N/A,Y,,22,,PND-VSD-HRB,pnj75,,,,,,,
pnj76,R COLLEGE,PONDA,PANJIM,LOCAL,RCOL,PND,PNJ,#N/A,#N/A,Y,,22,,RCOL-PND-PNJ,pnj76,,,,,,,
pnj77,MARGAO,BORIM,PONDA,LOCAL,MRG,BRM,PND,#N/A,#N/A,Y,,11,,MRG-BRM-PND,pnj77,,,,,,,
pnj78,PANAJI,MALEWAD,MALVAN,EXPRESS,PNJ,MLWD,MLW,0,200,Y,IS,42,X,X:PNJ-MLWD-MLW,pnj78,,,,,,,
pnj79,MAPUSA,PONDA,SHIRODA CGE,LOCAL,MPS,PND,SRD COL,#N/A,#N/A,N,,22,,NOT INCLUDED,pnj79,,,,,,,
pnj8,MARKET,PONDA,SANVARDEM,LOCAL,MKT,PND,CURCH,#N/A,#N/A,Y,,23,,MKT-PND-CURCH,pnj8,,,,,,,
pnj80,MARCEL,PONDA,PANAJI,LOCAL,MRCL,PND,PNJ,#N/A,#N/A,Y,,26,,MRCL-PND-PNJ,pnj80,,,,,,,
pnj81,SIOLIM,CALANGUTE,PANAJI,LOCAL,SOL,CLG,PNJ,#N/A,#N/A,Y,,12,,SOL-CLG-PNJ,pnj81,,,,,,,
pnj82,PANJIM,PONDA,MALPAN,EXPRESS,PNJ,PND,MLPN,0,210,Y,X,31,X,X:PNJ-PND-MLPN,pnj82,,,,,,,
pnj83,PANJIM,SANQUALIM,VIRDI,LOCAL,PNJ,SNK,VRD,#N/A,#N/A,Y,,16,,PNJ-SNK-VRD,pnj83,,,,,,,
pnj84,MAPUSA,PANAJI,FATORPHA,LOCAL,MPS,PNJ,FTRP,0,61,Y,O,6,,MPS-PNJ-FTRP,pnj84,Once a week service,,,,,,
pnj85,FATORPHA,MARGAO,PANAJI,LOCAL,FTRP,MRG,PNJ,#N/A,#N/A,Y,O,5,,FTRP-MRG-PNJ,pnj85,Once a week service,,,,,,
pnj86,VIRDI,MAPUSA,PANAJI,LOCAL,VRD,MPS,PNJ,0,211,Y,O,22,,VRD-MPS-PNJ,pnj86,,,,,,,
pnj87,PANAJI,DIWAR,NARVA,LOCAL,PNJ,DWR,NRV,0,201,Y,O,10,,PNJ-DWR-NRV,pnj87,,,,,,,
pnj88,OLDGOA FERY,MALAR,NARVA FERRY,LOCAL,OGA FER,MLR,NRV FER,#N/A,#N/A,N,,3,,NOT INCLUDED,pnj88,,,,,,,
pnj89,MAPUSA,SIOLIM,HARMAL,LOCAL,MPS,SOL,HRML,#N/A,#N/A,Y,,12,,MPS-SOL-HRML,pnj89,,,,,,,
pnj9,PANJIM,MARCEL,AKHADA,LOCAL,PNJ,MRCL,AKD,0,188,Y,O,12,,PNJ-MRCL-AKD,pnj9,,,,,,,
pnj90,PANAJI,SALIGAO,CALANGUTE,LOCAL,PNJ,SLG,CLG,0,212,Y,O,8,,PNJ-SLG-CLG,pnj90,,,,,,,
pnj91,CALANGUTE,SALIGAO,MAPUSA,LOCAL,CLG,SLG,MPS,0,213,Y,O,6,,CLG-SLG-MPS,pnj91,,,,,,,
pnj92,PANJIM,CANSABOD,PIRNATALAP,LOCAL,PNJ,CNSBD,PNTLP,#N/A,#N/A,N,NO,19,,NOT INCLUDED,pnj92,,,,,,,
pnj93,PANJIM,MAPUSA,BICHOLIM,LOCAL,PNJ,MPS,BCH,0,184,Y,O,20,,PNJ-MPS-BCH,pnj93,,,,,,,
pnj94,PANJIM,SIOLIM/MPS,HARMAL,AC SHUTTLE,PNJ,SOM/MPS,HRML,0,176,Y,O,21,,PNJ-SOM/MPS-HRML,pnj94,,,,,,,
pnj95,PANAJIM,PEDNEM,HARMAL,AC SHUTTLE,PNJ,PDN,HRML,0,34,Y,O,23,,PNJ-PDN-HRML,pnj95,,,,,,,
pnj96,PONDA,OLDGOA,MIRAMAR,SHUTTLE,PND,OGA,MRMR,#N/A,#N/A,N,,3,,NOT INCLUDED,pnj96,,,,,,,
pnj97,PONDA,OLDGOA,SECRETREAT,SHUTTLE,PND,OGA,SECT,#N/A,#N/A,N,,3,,NOT INCLUDED,pnj97,,,,,,,
pnj98,PANJIM,ANMD/HUBLI,HOSPET,EXPRESS,PNJ,ANMD/HBL,HSPT,#N/A,#N/A,Y,IS,25,X,X:PNJ-ANMD/HBL-HSPT,pnj98,,,,,,,
pnj99,PANJIM,KARWAR,MANGALORE,EXPRESS,PNJ,KWR,MNGLR,#N/A,#N/A,Y,IS,23,X,X:PNJ-KWR-MNGLR,pnj99,,,,,,,
prv1,HARBOUR,CORTALIM,PANJIM,ORD,HRB,CRT,PNJ,0,13,Y,,19,,HRB-CRT-PNJ,prv1,,,,,,,
prv10,PANAJI,MAPUSA,CALVI TAR,ORD,PNJ,MPS,CLV TR,0,29,Y,,16,,PNJ-MPS-CLV TR,prv10,,,,,,,
prv100,SANKHALIM,PALSERE,KERI,ORD,SNK,PLSR,KERI,#N/A,#N/A,N,,9,,NOT INCLUDED,prv100,,,,,,,
prv101,VALPOI,DHAVEM,USTEM,ORD,VLP,DHV,USTE,0,52,Y,,6,,VLP-DHV-USTE,prv101,,,,,,,
prv102,PANAJI,PORVORIM,DEF.COLONY,ORD,PNJ,PRV,D.COL,#N/A,#N/A,N,,3,,NOT INCLUDED,prv102,,,,,,,
prv103,PONDA,RASOI,CIPLA,ORD,PND,RSAI,CPL,0,127,Y,,11,,PND-RSAI-CPL,prv103,,,,,,,
prv104,PONDA,CURTI,VERE/VOLVOI,ORD,PND,CRTI,VRM/VLV,0,128,N,,10,,NOT INCLUDED,prv104,,,,,,,
prv105,VALPOI,MHAUSHI,MHAUSHI,ORD,VLP,MSHI,MSHI,#N/A,#N/A,N,,2,,NOT INCLUDED,prv105,,,,,,,
prv106,PANAJI,PISURLE,HIVRE,ORD,PNJ,PSRL,HVR,#N/A,#N/A,Y,,36,,PNJ-PSRL-HVR,prv106,,,,,,,
prv107,BICHOLIM,POIRA,BICHOLIM,ORD,BCH,POR,BCH,#N/A,#N/A,N,,11,,NOT INCLUDED,prv107,,,,,,,
prv108,VALPOI,BHIRONDA,MHADAI/ADVA,ORD,VLP,BRND,MHD/ADV,0,129,N,,6,,NOT INCLUDED,prv108,,,,,,,
prv109,VALPOI,DHAVE,SATRE,ORD,VLP,DHV,STRE,0,130,Y,,9,,VLP-DHV-STRE,prv109,,,,,,,
prv11,PANAJI,MAPUSA,KORJM/GLJM,ORD,PNJ,MPS,KRJV/GLJ,0,30,Y,,15,,PNJ-MPS-KRJV/GLJ,prv11,,,,,,,
prv110,PANAJI,BHUIPAL,VALPOI,ORD,PNJ,BUPL,VLP,#N/A,#N/A,Y,,28,,PNJ-BUPL-VLP,prv110,,,,,,,
prv111,PONDA,TITAN,MARGAO,ORD,PND,TTN,MRG,0,54,Y,,17,,PND-TTN-MRG,prv111,,,,,,,
prv112,VALPOI,THANE,HIVREM,ORD,VLP,THNE,HVR,0,131,Y,,5,,VLP-THNE-HVR,prv112,,,,,,,
prv113,VALPOI,MHAUSHI,ZARME,ORD,VLP,MSHI,ZRM,0,132,Y,,4,,VLP-MSHI-ZRM,prv113,,,,,,,
prv114,PANAJI,MARCEL,VALPOI,ORD,PNJ,MRCL,VLP,0,59,Y,,21,,PNJ-MRCL-VLP,prv114,,,,,,,
prv115,PANAJI,ALTINHO,PANAJI,ORD,PNJ,ALT,PNJ,#N/A,#N/A,Y,,6,,PNJ-ALT-PNJ,prv115,,,,,,,
prv116,VALPOI,ADVOI,MARKET,ORD,VLP,ADV,MKT,0,133,Y,,26,,VLP-ADV-MKT,prv116,,,,,,,
prv117,VALPOI,KHADKI,VELGEM,ORD,VLP,KHDK,VLG,0,134,Y,,5,,VLP-KHDK-VLG,prv117,,,,,,,
prv118,PANAJI,PONDA/RASOI,MARGAO,ORD,PNJ,0,MRG,0,135,Y,,30,,PNJ-0-MRG,prv118,,,,,,,
prv119,PONDA,SAQLI/SARVA,BICHOLIM,ORD,PND,SNK/,BCH,0,55,Y,,19,,PND-SNK/-BCH,prv119,,,,,,,
prv12,PANAJI,MAPUSA,AMADI,ORD,PNJ,MPS,AMD,0,32,Y,,15,,PNJ-MPS-AMD,prv12,,,,,,,
prv120,PANAJI,BORI/ASHRAM,MARGAO,ORD,PNJ,BRM/ASRM,MRG,#N/A,#N/A,N,,20,,NOT INCLUDED,prv120,,,,,,,
prv121,PANAJI,MAPUSA,QUITLA,ORD,PNJ,MPS,QTL,0,62,Y,,17,,PNJ-MPS-QTL,prv121,,,,,,,
prv122,NANELI,HEDODE/MARC,PANAJI,ORD,NNL,0,PNJ,#N/A,#N/A,Y,,25,,NNL-0-PNJ,prv122,,,,,,,
prv123,MAPUSA,KHORLIM,BADEM,ORD,MPS,KRLM,BDM ,0,64,Y,,8,,MPS-KRLM-BDM ,prv123,,,,,,,
prv124,BICHOLIM,MAYEM,NARVA,ORD,BCH,MYE,NRV,#N/A,#N/A,N,,8,,NOT INCLUDED,prv124,,,,,,,
prv125,PANAJI,BICHOLIM,SIQUERIM,ORD,PNJ,BCH,SNQR,#N/A,#N/A,Y,,24,,PNJ-BCH-SNQR,prv125,,,,,,,
prv126,BOSTORA,HOSPITAL,PANJIM,ORD,BSTD,HSPTL,PNJ,#N/A,#N/A,N,,9,,NOT INCLUDED,prv126,,,,,,,
prv127,PANAJI,HOUSING BRD,MAPUSA,ORD,PNJ,HSB,MPS,#N/A,#N/A,N,,11,,NOT INCLUDED,prv127,,,,,,,
prv128,MAPUSA,ARPORA,BAGA,ORD,MPS,ARP,BGA,0,70,Y,,5,,MPS-ARP-BGA,prv128,,,,,,,
prv129,NARVA FERRY,MARCEL,PONDA,ORD,NRV FER,MRCL,PND,0,142,Y,,23,,NRV FER-MRCL-PND,prv129,,,,,,,
prv13,PANAJI,MAPUSA,NANACHEPANI,ORD,PNJ,MPS,NNCP,#N/A,#N/A,Y,,20,,PNJ-MPS-NNCP,prv13,,,,,,,
prv130,PANAJI,VALPOI,SATRE,ORD,PNJ,VLP,STRE,#N/A,#N/A,Y,,37,,PNJ-VLP-STRE,prv130,,,,,,,
prv131,PANAJI,GMC,GOA INTERNA,ORD,PNJ,BBL,GINT,#N/A,#N/A,N,,4,,NOT INCLUDED,prv131,,,,,,,
prv132,MAPUSA,SHIRGAO,BICHOLIM,ORD,MPS,SRG,BCH,0,143,Y,,14,,MPS-SRG-BCH,prv132,,,,,,,
prv133,PANAJI,KHORJUEM,BICHOLIM,ORD,PNJ,KRJV,BCH,0,144,Y,,18,,PNJ-KRJV-BCH,prv133,,,,,,,
prv134,BICHOLIM,KUMARWADA,BICHOLIM,ORD,BCH,KMBRWD,BCH,0,138,N,,10,,NOT INCLUDED,prv134,,,,,,,
prv135,BICHOLIM,CALVI,MAPUSA,ORD,BCH,CLV,MPS,0,145,Y,,13,,BCH-CLV-MPS,prv135,,,,,,,
prv136,MAPUSA,KHORJUEM,VARPAL,ORD,MPS,KRJV,VRPL,0,146,Y,,14,,MPS-KRJV-VRPL,prv136,,,,,,,
prv137,BICHOLIM,MAYEM LAKE,NARVA,ORD,BCH,MYE LK,NRV,#N/A,#N/A,Y,,8,,BCH-MYE LK-NRV,prv137,,,,,,,
prv138,BICHOLIM,SARMANAS,NARVA,ORD,BCH,SMNS,NRV,#N/A,#N/A,Y,,6,,BCH-SMNS-NRV,prv138,,,,,,,
prv139,BICHOLIM,PIL / NARVE,MADEL,ORD,BCH,0,MDL,#N/A,#N/A,Y,,13,,BCH-0-MDL,prv139,,,,,,,
prv14,PANAJI,MAPUSA,HARAMBOL,ORD,PNJ,MPS,HRML,#N/A,#N/A,Y,,20,,PNJ-MPS-HRML,prv14,,,,,,,
prv140,MADEL,KARABHAT,BICHOLIM,ORD,MDL,KRBT,BCH,#N/A,#N/A,Y,,14,,MDL-KRBT-BCH,prv140,,,,,,,
prv141,MADEL,MAYE LAKE,BICHOLIM,ORD,MDL,MYE LK,BCH,#N/A,#N/A,Y,,14,,MDL-MYE LK-BCH,prv141,,,,,,,
prv142,PANAJI,BETIM,NERUL,ORD,PNJ,BTM,NRL,#N/A,#N/A,N,,4,,NOT INCLUDED,prv142,,,,,,,
prv143,PANAJI,AROBA TUEM,MADLAMAZ,ORD,PNJ,ARB TUEM,MDLMZ,#N/A,#N/A,Y,,24,,PNJ-ARB TUEM-MDLMZ,prv143,,,,,,,
prv144,PANAJI,NAGZAR,OZARI/MADKA,ORD,PNJ,NGZR,OZR/MDK,0,149,Y,,17,,PNJ-NGZR-OZR/MDK,prv144,,,,,,,
prv145,PANAJI,TUEM,KORGAON,ORD,PNJ,TUEM,KRG,#N/A,#N/A,Y,,20,,PNJ-TUEM-KRG,prv145,,,,,,,
prv146,PANAJI,PEDNE,KORGAO,ORD,PNJ,PDN,KRG,0,150,Y,,21,,PNJ-PDN-KRG,prv146,,,,,,,
prv147,PANAJI,PEDNE/BANDA,BANDA,ORD,PNJ,PDN/BND,BND,0,7,Y,,24,,PNJ-PDN/BND-BND,prv147,,,,,,,
prv149,PANAJI,KOLHAPUR,GONDIVLE,ORD,PNJ,KLPR,GNDVL,#N/A,#N/A,N,,31,,NOT INCLUDED,prv149,,,,,,,
prv15,PANAJI,PEDNE/BHATW,HARAMBOL,ORD,PNJ,PDN/BTWD,HRML,0,75,Y,,26,,PNJ-PDN/BTWD-HRML,prv15,,,,,,,
prv150,MARGAO,CANCONA,KARWAR,ORD,MRG,CNC,KWR,#N/A,#N/A,Y,,23,,MRG-CNC-KWR,prv150,SAME AS MRG10,,,,,,
prv151,PANAJI,MAPUSA,ZARME,ORD,PNJ,MPS,ZRM,0,151,Y,,31,,PNJ-MPS-ZRM,prv151,,,,,,,
prv152,PRV DEPOT,TIN BULD,PANAJI,ORD,PRV,TBLD,PNJ,#N/A,#N/A,N,,7,,NOT INCLUDED,prv152,,,,,,,
prv153,MAPUSA,PANJIM,OLDGOA,SHUTTLE,MPS,PNJ,OGA,#N/A,#N/A,N,,3,,NOT INCLUDED,prv153,,,,,,,
prv154,OLDGOA,RIBANDER,PANJIM,SHUTTLE,OGA,RBND,PNJ,#N/A,#N/A,N,,2,S,NOT INCLUDED,prv154,,,,,,,
prv155,PANAJI,KULAN,IBRAMPUR,ORD,PNJ,KLN,IBMPR,0,57,Y,,23,,PNJ-KLN-IBMPR,prv155,,,,,,,
prv156,PANAJI,PEDNEM,PURVA,ORD,PNJ,PDN,PRVA,#N/A,#N/A,N,,29,,NOT INCLUDED,prv156,,,,,,,
prv157,PANAJI,MARCEL,NANODA,ORD,PNJ,MRCL,NNR,0,60,Y,,29,,PNJ-MRCL-NNR,prv157,,,,,,,
prv158,MAPUSA,PANJIM,FATORPA,Express,MPS,PNJ,FTRP,0,61,Y,,4,X,X:MPS-PNJ-FTRP,prv158,,,,,,,
prv159,PANAJI,DODAMARG,USAP,ORD,PNJ,DMG,USAP,0,25,Y,,27,,PNJ-DMG-USAP,prv159,,,,,,,
prv16,PANAJI,MAPUSA,MORJIM TEM,ORD,PNJ,MPS,MRJM TEM,0,35,Y,,27,,PNJ-MPS-MRJM TEM,prv16,,,,,,,
prv160,PANAJI,BICH/MARCEL,MARGAO,ORD,PNJ,BCH/MRCL,MRG,#N/A,#N/A,Y,,44,,PNJ-BCH/MRCL-MRG,prv160,,,,,,,
prv161,PANAJI,POMBURPA,BICHOLIM,ORD,PNJ,PMB,BCH,#N/A,#N/A,y,,12,,PNJ-PMB-BCH,prv161,,,,,,,
prv162,PANAJI,KULAN,HALARNA,ORD,PNJ,KLN,HLRN,#N/A,#N/A,N,,23,,NOT INCLUDED,prv162,,,,,,,
prv163,PANAJI,KHORJUVE,BICHOLIM,ORD,PNJ,KRJV,BCH,#N/A,#N/A,Y,,14,,PNJ-KRJV-BCH,prv163,,,,,,,
prv164,MARKET,BAILPAAR,HALARNA,ORD,MKT,BLPR,HLRN,#N/A,#N/A,Y,,23,,MKT-BLPR-HLRN,prv164,,,,,,,
prv165,MARKET,SANGAV WADA,HALARNA,ORD,MKT,SGVWD,HLRN,#N/A,#N/A,N,,22,,NOT INCLUDED,prv165,,,,,,,
prv166,VALPOI,REDEGATHI,KUMARKHAND,ORD,VLP,RDGT,KMRKN,#N/A,#N/A,N,,3,,NOT INCLUDED,prv166,,,,,,,
prv167,MPS/PNJ,RAICHUR,HYDERABAD,VOLVO,MPS/PNJ,RCHR,HYD,#N/A,#N/A,Y,,6,,MPS/PNJ-RCHR-HYD,prv167,,,,,,,
prv168,MRG RLY STN,CORTALIM,BAINGINI PE,ORD,MRG RLY,CRT,BNGN,#N/A,#N/A,N,SEASONAL,2,,NOT INCLUDED,prv168,,,,,,,
prv169,PANAJI,BY PASS,BAINGINI PE,ORD,PNJ,0,BNGN,#N/A,#N/A,N,,2,,NOT INCLUDED,prv169,,,,,,,
prv17,PANAJI,PONDA,VIJAYDURGA,ORD,PNJ,PND,VJD,0,76,Y,,18,,PNJ-PND-VJD,prv17,,,,,,,
prv170,KARMALI RLY,OLD GOA,BAINGINI PE,ORD,KRML RLY,OGA,BNGN,#N/A,#N/A,N,,2,,NOT INCLUDED,prv170,,,,,,,
prv171,PANAJI,OLD GOA,GOA DARSHAN,ORD,PNJ,OGA,0,#N/A,#N/A,N,,2,,NOT INCLUDED,prv171,,,,,,,
prv172,MADEL,CALVI,MAPUSA,ORD,MDL,CLV,MPS,#N/A,#N/A,N,,17,,NOT INCLUDED,prv172,,,,,,,
prv173,MADEL,CALVI,NARVA,ORD,MDL,CLV,NRV,#N/A,#N/A,N,,8,,NOT INCLUDED,prv173,,,,,,,
prv174,NERUL,PANAJI,KUJIRA,ORD,NRL,PNJ,CUJ,#N/A,#N/A,N,,5,,NOT INCLUDED,prv174,,,,,,,
prv18,PANAJI,PEDNEM,KERI,ORD,PNJ,PDN,KERI,0,36,Y,,26,,PNJ-PDN-KERI,prv18,,,,,,,
prv19,MARKET,PRIYOL,KERI,ORD,MKT,PRYL,KERI,#N/A,#N/A,N,,18,,NOT INCLUDED,prv19,,,,,,,
prv2,PANAJI,MAPUSA,USAP,ORD,PNJ,MPS,USAP,#N/A,#N/A,Y,,18,,PNJ-MPS-USAP,prv2,,,,,,,
prv20,PANAJI,SANQUELIM,VIRDI,ORD,PNJ,SNK,VRD,0,37,Y,,20,,PNJ-SNK-VRD,prv20,,,,,,,
prv21,PANAJI,PISSURLEM,HIVREM,ORD,PNJ,PSRL,HVR,0,38,Y,,36,,PNJ-PSRL-HVR,prv21,,,,,,,
prv22,PANAJI,SANQUELIM,MHADAI,ORD,PNJ,SNK,MHD,#N/A,#N/A,Y,,21,,PNJ-SNK-MHD,prv22,,,,,,,
prv23,K.AKADAMI,VALPOI,NANODA,ORD,KA,VLP,NNR,0,78,Y,,37,,KA-VLP-NNR,prv23,,,,,,,
prv24,MARKET,VALPOI,USTE,ORD,MKT,VLP,USTE,#N/A,#N/A,N,,35,,NOT INCLUDED,prv24,,,,,,,
prv25,PANAJI,POIRA,SINQUIREM,ORD,PNJ,POR,SNQR,0,79,Y,,24,,PNJ-POR-SNQR,prv25,,,,,,,
prv26,PANAJI,VALPOI,MADEL,ORD,PNJ,VLP,MDL,0,80,Y,,28,,PNJ-VLP-MDL,prv26,,,,,,,
prv27,PANAJI,BICHOLIM,NARVA,ORD,PNJ,BCH,NRV,0,81,Y,,26,,PNJ-BCH-NRV,prv27,,,,,,,
prv28,PANAJI,ASSONORA,DHUMASEM,ORD,PNJ,ASNR,DMS,0,44,Y,,22,,PNJ-ASNR-DMS,prv28,,,,,,,
prv29,PANAJI,SANQUELIM,MORLLEM,ORD,PNJ,SNK,MRL,0,46,Y,,19,,PNJ-SNK-MRL,prv29,,,,,,,
prv3,BICHOLIM,PILGAO,NARVA FERRY,ORD,BCH,PLG,NRV FER,#N/A,#N/A,Y,O,6,,BCH-PLG-NRV FER,prv3,,,,,,,
prv30,PANAJI,MAPUSA,KARNZOL,ORD,PNJ,MPS,KRNZL,0,56,Y,,37,,PNJ-MPS-KRNZL,prv30,,,,,,,
prv31,PANAJI,VALPOI,SHIGNE,ORD,PNJ,VLP,SGN,0,153,Y,,34,,PNJ-VLP-SGN,prv31,,,,,,,
prv32,PANAJI,VALPOI,HIVREM,ORD,PNJ,VLP,HVR,0,124,Y,,35,,PNJ-VLP-HVR,prv32,,,,,,,
prv33,PANAJI,VALPOI,SATRE,ORD,PNJ,VLP,STRE,0,1,Y,,34,,PNJ-VLP-STRE,prv33,,,,,,,
prv34,MARKET,SUCCURO,MAPUSA,ORD,MKT,SUCR,MPS,0,83,N,O,15,,NOT INCLUDED,prv34,,,,,,,
prv35,PANAJI,MAPUSA,PIPLAk/BADE,ORD,PNJ,MPS,0,#N/A,#N/A,Y,,15,,PNJ-MPS-0,prv35,,,,,,,
prv36,PANAJI,SANQUELIM,KUMBARWADA,ORD,PNJ,SNK,KMBRWD,0,85,Y,,21,,PNJ-SNK-KMBRWD,prv36,,,,,,,
prv37,PANAJI,VALPOI,ZARME,ORD,PNJ,VLP,ZRM,0,8,Y,,24,,PNJ-VLP-ZRM,prv37,,,,,,,
prv38,MARKET,VALPOI,NANELI,ORD,MKT,VLP,NNL,0,86,Y,,27,,MKT-VLP-NNL,prv38,,,,,,,
prv39,PANAJI,VALPOI,ADVAI,ORD,PNJ,VLP,ADV,0,100,Y,,26,,PNJ-VLP-ADV,prv39,,,,,,,
prv4,PANAJI,POMBURPHA,QUITLA,ORD,PNJ,PMB,QTL,0,26,Y,,9,,PNJ-PMB-QTL,prv4,,,,,,,
prv40,KALA AKADAM,CHORLA,SURLA,ORD,KA,CHRL,SRL,0,87,Y,IS,24,,KA-CHRL-SRL,prv40,,,,,,,
prv41,PANAJI,ASSONORA,SAL,ORD,PNJ,ASNR,SAL,0,88,Y,,22,,PNJ-ASNR-SAL,prv41,,,,,,,
prv42,PANAJI,VALPOI,HIVREM,ORD,PNJ,VLP,HVR,0,51,Y,,26,,PNJ-VLP-HVR,prv42,,,,,,,
prv43,MARKET,SIOLIM,KERI,ORD,MKT,SOL,KERI,0,89,Y,,23,,MKT-SOL-KERI,prv43,,,,,,,
prv44,PANAJI,VOLVOI,PONDA,ORD,PNJ,VLV,PND,0,220,Y,,26,,PNJ-VLV-PND,prv44,,,,,,,
prv45,PANAJI,KARWAR,MYSORE,AC LUXURY,PNJ,KWR,MYSR,#N/A,#N/A,N,,25,,NOT INCLUDED,prv45,,,,,,,
prv46,PANAJI,KARWAR,MYSORE,EXPRESS,PNJ,KWR,MYSR,#N/A,#N/A,Y,,30,X,X:PNJ-KWR-MYSR,prv46,,,,,,,
prv47,PANAJI,BELGAUM,GULBARGABA,ORD,PNJ,BGM,GULB,#N/A,#N/A,Y,,35,,PNJ-BGM-GULB,prv47,,,,,,,
prv48,PANAJI,MADURA,BANDA,EXPRESS,PNJ,MDR,BND,#N/A,#N/A,Y,,27,X,X:PNJ-MDR-BND,prv48,,,,,,,
prv49,PANAJI,CHORLA,BELGAUM CBT,EXPRESS,PNJ,CHRL,BGM CBT,0,202,Y,,25,X,X:PNJ-CHRL-BGM CBT,prv49,,,,,,,
prv5,BICHOLIM,MARCEL,PONDA,ORD,BCH,MRCL,PND,0,217,Y,,18,,BCH-MRCL-PND,prv5,,,,,,,
prv50,PANAJI,SAWANTHWADI,KOLHAPUR,EXPRESS,PNJ,SWD,KLPR,#N/A,#N/A,Y,,24,X,X:PNJ-SWD-KLPR,prv50,,,,,,,
prv51,PANAJI,ANMOD,HUBLI,ORD,PNJ,ANMD ,HBL,#N/A,#N/A,Y,,20,,PNJ-ANMD -HBL,prv51,,,,,,,
prv52,PANAJI,CHORLA,SAUNDATTI,EXPRESS,PNJ,CHRL,SNDT,#N/A,#N/A,Y,,31,X,X:PNJ-CHRL-SNDT,prv52,,,,,,,
prv53,PANAJI,DODAMARG,SAWANTWADI,ORD,PNJ,DMG,SWD,#N/A,#N/A,Y,,33,,PNJ-DMG-SWD,prv53,,,,,,,
prv54,PANJIM,DODAMARG,KER,EXPRESS,PNJ,DMG,KER,0,90,Y,,32,X,X:PNJ-DMG-KER,prv54,,,,,,,
prv55,PANJIM,MARGAO,KARWAR,ORD,PNJ,MRG,KWR,0,65,Y,,20,,PNJ-MRG-KWR,prv55,,,,,,,
prv56,PANAJI,SAWANTWADI,VIJAYDURGA,ORD,PNJ,SWD,VJD,#N/A,#N/A,Y,,39,,PNJ-SWD-VJD,prv56,,,,,,,
prv57,PANJIM,CORTALIM,MARGAO,ORD,PNJ,CRT,MRG,0,2,Y,O,17,,PNJ-CRT-MRG,prv57,,,,,,,
prv58,PANAJI,ZUARI NAGAR,VASCO,ORD,PNJ,ZNGR,VSD,#N/A,#N/A,Y,,19,,PNJ-ZNGR-VSD,prv58,,,,,,,
prv59,PANJIM,SANVORDEM,KALAY,ORD,PNJ,CURCH,KLY,0,95,Y,,26,,PNJ-CURCH-KLY,prv59,,,,,,,
prv6,PANAJI,ALTINHO,MIRAMAR,ORD,PNJ,ALT,MRMR,0,27,Y,,7,,PNJ-ALT-MRMR,prv6,,,,,,,
prv60,MAPUSA,D HOSPITAL,MAPUSA,ORD,MPS,DHSP,MPS,#N/A,#N/A,Y,,3,,MPS-DHSP-MPS,prv60,,,,,,,
prv61,PANAJI,PLR - CRT,TITAN,ORD,PNJ,PLR - CRT,TTN,0,94,Y,,13,,PNJ-PLR - CRT-TTN,prv61,,,,,,,
prv62,PANAJI,CORTALIM,HARBOUR,ORD,PNJ,CRT,HRB,0,4,Y,,19,,PNJ-CRT-HRB,prv62,,,,,,,
prv63,PANJIM,PONDA,SANVARDEM,ORD,PNJ,PND,CURCH,0,71,Y,,22,,PNJ-PND-CURCH,prv63,,,,,,,
prv64,MAPUSA,SHUTTLE,PANAJI,SHUTTLE,MPS,SHTL,PNJ,#N/A,#N/A,Y,,2,S,S:MPS-SHTL-PNJ,prv64,,,,,,,
prv65,MAPUSA,BASTODA,MAPUSA,ORD,MPS,BSTD,MPS,#N/A,#N/A,N,,3,,NOT INCLUDED,prv65,,,,,,,
prv66,PANAJI,PATRADEVI,SAWANTWADI,ORD,PNJ,PTR,SWD,0,96,Y,,27,,PNJ-PTR-SWD,prv66,,,,,,,
prv67,PANAJI,MAPUSA,VALPOI,EXPRESS,PNJ,MPS,VLP,0,97,Y,,29,X,X:PNJ-MPS-VLP,prv67,,,,,,,
prv68,PANAJI,MAPUSA,HARAMBOL,EXPRESS,PNJ,MPS,HRML,0,34,Y,,22,X,X:PNJ-MPS-HRML,prv68,,,,,,,
prv69,PANJIM,LONDA,BELGAUM,EXPRESS,PNJ,LND,BGM,#N/A,#N/A,Y,,19,X,X:PNJ-LND-BGM,prv69,,,,,,,
prv7,PANAJI,PONDA,MARGAO,ORD,PNJ,PND,MRG,0,5,Y,,22,,PNJ-PND-MRG,prv7,,,,,,,
prv70,MAPUSA,ALDONA,AMADI/CALVI,EXPRESS,MPS,ALD,AMD/CLV,#N/A,#N/A,Y,,9,X,X:MPS-ALD-AMD/CLV,prv70,,,,,,,
prv71,PANAJI,PISSURLEM,ADVAI,EXPRESS,PNJ,PSRL,ADV,0,101,Y,,27,X,X:PNJ-PSRL-ADV,prv71,,,,,,,
prv72,MARKET,PORVORIM,MAPUSA,ORD,MKT,PRV,MPS,0,102,N,,10,,NOT INCLUDED,prv72,,,,,,,
prv73,PANJIM,MARGAO,BETUEL,ORD,PNJ,MRG,BTL,0,68,Y,,23,,PNJ-MRG-BTL,prv73,,,,,,,
prv74,PORVORIM,TORDA,ALTINO,EXPRESS,PRV,TRD,ALT,#N/A,#N/A,N,,9,X,NOT INCLUDED,prv74,,,,,,,
prv75,PANAJI,PARSHE,MANDREM,ORD,PNJ,PRS,MNDR,0,104,Y,,23,,PNJ-PRS-MNDR,prv75,,,,,,,
prv76,PANAJI,ST CRUZ,PANAJI,ORD,PNJ,S.CRZ,PNJ,#N/A,#N/A,Y,,7,,PNJ-S.CRZ-PNJ,prv76,,,,,,,
prv77,PANAJI,PISSURLIM,VALPOI,ORD,PNJ,PSRL,VLP,0,105,Y,,24,,PNJ-PSRL-VLP,prv77,,,,,,,
prv78,PANAJI,MARCEL,SANQUELIM,ORD,PNJ,MRCL,SNK,0,45,Y,,14,,PNJ-MRCL-SNK,prv78,,,,,,,
prv79,PANAJI,PEDNE/BHATW,ASHWEM,ORD,PNJ,PDN/BTWD,ASVM,0,67,Y,,29,,PNJ-PDN/BTWD-ASVM,prv79,,,,,,,
prv8,PANAJI,MAPUSA,MADEL FERRY,ORD,PNJ,MPS,MDL FER,0,28,Y,,17,,PNJ-MPS-MDL FER,prv8,,,,,,,
prv80,PANAJI,MAPUSA,SANQUELIM,ORD,PNJ,MPS,SNK,0,10,Y,,20,,PNJ-MPS-SNK,prv80,,,,,,,
prv81,MAPUSA,ALDONA,KRJM/GLJM,ORD,MPS,ALD,KRJV/GLJ,#N/A,#N/A,Y,,8,,MPS-ALD-KRJV/GLJ,prv81,,,,,,,
prv82,MAPUSA,CAMURLIM,KAIRAT,ORD,MPS,CMRL,KRT,0,106,Y,,9,,MPS-CMRL-KRT,prv82,,,,,,,
prv83,MAPUSA,ALDONA,CALVI TAR,ORD,MPS,ALD,CLV TR,0,99,y,,9,,MPS-ALD-CLV TR,prv83,,,,,,,
prv84,PANAJI,PEDNE/BHATW,MADLAMAZ,ORD,PNJ,PDN/BTWD,MDLMZ,0,148,y,,31,,PNJ-PDN/BTWD-MDLMZ,prv84,,,,,,,
prv85,MARKET,MAPUSA,KAIRAT,EXPRESS,MKT,MPS,KRT,0,109,y,,18,X,X:MKT-MPS-KRT,prv85,,,,,,,
prv86,PANAJI,PORVORIM,SECRETARIAT,ORD,PNJ,PRV,SECT,#N/A,#N/A,N,,2,,NOT INCLUDED,prv86,,,,,,,
prv87,BICHOLIM,POIRA,SINQUIREM,ORD,BCH,POR,SNQR,0,110,N,,6,,NOT INCLUDED,prv87,,,,,,,
prv88,PANAJI,CORTALIM,VASCO,ORD,PNJ,CRT,VSD,0,92,Y,,17,,PNJ-CRT-VSD,prv88,,,,,,,
prv89,MAPUSA,MAPUSA,AMADI,ORD,MPS,MPS,AMD,0,111,Y,,9,,MPS-MPS-AMD,prv89,,,,,,,
prv9,PANAJI,PONDA,COSTI,ORD,PNJ,PND,CSTI,#N/A,#N/A,Y,,28,,PNJ-PND-CSTI,prv9,,,,,,,
prv90,PANAJI,MAPUSA,VELGUEM,ORD,PNJ,MPS,VLG,0,47,Y,,32,,PNJ-MPS-VLG,prv90,,,,,,,
prv91,PANAJI,PONDA,PONDA,ORD,PNJ,PND,PND,0,113,Y,,14,,PNJ-PND-PND,prv91,,,,,,,
prv92,MADEL FERRY,POMBURPA,PANAJI,ORD,MDL FER,PMB,PNJ,#N/A,#N/A,Y,,16,,MDL FER-PMB-PNJ,prv92,,,,,,,
prv93,BICHOLIM,MATI/BAGA,BICHOLIM,ORD,BCH,0,BCH,#N/A,#N/A,Y,,7,,BCH-0-BCH,prv93,,,,,,,
prv94,BICHOLIM,MAYEM,MADEL,ORD,BCH,MYE,MDL,0,114,Y,,11,,BCH-MYE-MDL,prv94,,,,,,,
prv95,MADEL,KEREM,MADEL,ORD,MDL,KERI,MDL,#N/A,#N/A,Y,,10,,MDL-KERI-MDL,prv95,,,,,,,
prv96,PANAJI,AMONA,BICHOLIM,ORD,PNJ,AMN,BCH,0,123,Y,,16,,PNJ-AMN-BCH,prv96,,,,,,,
prv97,MADEL,KEREM,MADEL,ORD,MDL,KERI,MDL,#N/A,#N/A,N,,13,,NOT INCLUDED,prv97,,,,,,,
prv98,PANAJI,MAPUSA,HIVRE/CHARV,ORD,PNJ,MPS,HVR/CRVN,#N/A,#N/A,Y,,33,,PNJ-MPS-HVR/CRVN,prv98,,,,,,,
prv99,VALPOI,VELGE,KARANZOL,ORD,VLP,VLG,KRNZL,0,125,Y,,9,,VLP-VLG-KRNZL,prv99,,,,,,,
vsg1,HARBOUR,CORTALIM,PANJIM,,HRB,CRT,PNJ,0,13,Y,O,18,,HRB-CRT-PNJ,vsg1,,,,,,,
vsg10,VASCO,GAGANBAWDA,SOLAPUR,,VSD,GGNB,SLPR,#N/A,#N/A,Y,IS,29,,VSD-GGNB-SLPR,vsg10,,,,,,,
vsg11,VASCO,PTR- GAGANB,MIRAJ,,VSD,PTR-GGNB,MRJ,#N/A,#N/A,Y,IS,28,,VSD-PTR-GGNB-MRJ,vsg11,,,,,,,
vsg12,PANAJI,PONDA,SHIRODA+C278,,PNJ,PND,,0,72,Y,O,19,,PNJ-PND-,vsg12,,,,,,,
vsg13,PANAJI,MARCEL,VANTE/SWRS,,PNJ,MRCL,VNT/SWRS,#N/A,#N/A,Y,O,24,,PNJ-MRCL-VNT/SWRS,vsg13,,,,,,,
vsg14,PONDA,OLDGOA,PANAJI,,PND,OGA,PNJ,#N/A,#N/A,Y,O,14,,PND-OGA-PNJ,vsg14,,,,,,,
vsg15,VASCO,PONDA,HUBLI,,VSD,PND,HBL,#N/A,#N/A,Y,IS,27,,VSD-PND-HBL,vsg15,,,,,,,
vsg16,VASCO,MARGAO,KARWAR,,VSD,MRG,KWR,#N/A,#N/A,Y,IS,25,,VSD-MRG-KWR,vsg16,,,,,,,
vsg17,SADA,MALEWAD,MALWAN,,SDA,MLWD,,#N/A,#N/A,Y,IS,40,,SDA-MLWD-,vsg17,,,,,,,
vsg18,VASCO,TITAN,HEDODE(TITN,,VSD,TTN,0,#N/A,#N/A,Y,O,35,,VSD-TTN-0,vsg18,,,,,,,
vsg19,HARBOUR,MAPUSA,DEVSU,,HRB,MPS,DVSU,0,14,Y,O,38,,HRB-MPS-DVSU,vsg19,,,,,,,
vsg2,VASCO,CORTALIM,PNJ(SHUTTLE,,VSD,CRT,PNJ,#N/A,#N/A,Y,S,2,S,S:VSD-CRT-PNJ,vsg2,,,,,,,
vsg20,VASCO,CRT/MARCEL,HEDODE,,VSD,CRT/MRCL,HDD,0,23,Y,O,34,,VSD-CRT/MRCL-HDD,vsg20,,,,,,,
vsg21,VASCO,CORTALIM,PANAJI,,VSD,CRT,PNJ,#N/A,#N/A,Y,O,16,,VSD-CRT-PNJ,vsg21,,,,,,,
vsg22,VASCO,CRT/THANA,MARGAO,,VSD,CRT/THNA,MRG,0,19,Y,O,16,,VSD-CRT/THNA-MRG,vsg22,,,,,,,
vsg23,VASCO,CRT/NUR/MRC,SONAL,,VSD,0,SNL,0,18,Y,O,35,,VSD-0-SNL,vsg23,,,,,,,
vsg24,PANAJI,MARCEL,SANKHALI,,PNJ,MRCL,SNK,0,45,Y,O,15,,PNJ-MRCL-SNK,vsg24,,,,,,,
vsg25,MARGAO,CANSAULIM,PANAJI,,MRG,CNSL,PNJ,#N/A,#N/A,Y,O,17,,MRG-CNSL-PNJ,vsg25,,,,,,,
vsg26,PANAJI,PORVORIM,MAPUSA,,PNJ,PRV,MPS,#N/A,#N/A,Y,O,10,,PNJ-PRV-MPS,vsg26,,,,,,,
vsg27,SADA,PONDA,FARMAGUDI,,SDA,PND,FMGD,#N/A,#N/A,Y,O,21,,SDA-PND-FMGD,vsg27,College Special,,,,,,
vsg28,VASCO,MAPUSA,CBT BELGAUM,,VSD,MPS,BGM CBT,#N/A,#N/A,Y,IS,26,,VSD-MPS-BGM CBT,vsg28,,,,,,,
vsg29,VASCO,LOUTLIM,PONDA,,VSD,LTL,PND,0,12,Y,O,19,,VSD-LTL-PND,vsg29,,,,,,,
vsg3,VASCO,BIRLA,MRG(SHUTTLE,,VSD,BRL,MRG,#N/A,#N/A,Y,S,2,S,S:VSD-BRL-MRG,vsg3,,,,,,,
vsg30,PANAJI,SIOLIM,HARMAL,,PNJ,SOL,HRML,0,176,Y,O,22,,PNJ-SOL-HRML,vsg30,,,,,,,
vsg31,HARBOUR,ZUARI NAGAR,MARGAO,,HRB,ZNGR,MRG,0,21,Y,O,25,,HRB-ZNGR-MRG,vsg31,,,,,,,
vsg32,HARBOUR,CORTALIM,UNIVERSITY,,HRB,CRT,GU,#N/A,#N/A,Y,O,17,,HRB-CRT-GU,vsg32,,,,,,,
vsg33,MARGAO,PND/MARCEL,BHARADE,,MRG,PND/MRCL,BHRD,#N/A,#N/A,Y,O,25,,MRG-PND/MRCL-BHRD,vsg33,,,,,,,
vsg34,VASCO,MARGAO,ASSOLDA,,VSD,MRG,ASLD,0,20,Y,O,29,,VSD-MRG-ASLD,vsg34,,,,,,,
vsg35,VASCO,SIOLIM,MANDREM,,VSD,SOL,MNDR,#N/A,#N/A,Y,O,30,,VSD-SOL-MNDR,vsg35,,,,,,,
vsg36,VASCO,PANJIM,SAWANTWADI,,VSD,PNJ,SWD,0,24,Y,IS,38,,VSD-PNJ-SWD,vsg36,,,,,,,
vsg37,PONDA,MARCEL,BHRADE,,PND,MRCL,BHRD,0,73,Y,O,18,,PND-MRCL-BHRD,vsg37,,,,,,,
vsg38,VASCO,PEDEM,BHUTWADI,,VSD,PDM,BHUT,#N/A,#N/A,Y,O,32,,VSD-PDM-BHUT,vsg38,,,,,,,
vsg39,SADA,PANJIM,VENGURLA,,SDA,PNJ,VNGL,#N/A,#N/A,Y,IS,42,,SDA-PNJ-VNGL,vsg39,,,,,,,
vsg4,VASCO,CORTALIM,MARGAOCITY,,VSD,CRT,MRG MKT,#N/A,#N/A,Y,O,17,,VSD-CRT-MRG MKT,vsg4,,,,,,,
vsg40,SADA,MALEWAD/VGL,KORJAI,,SDA,MLWD/VENG,KORJ,#N/A,#N/A,Y,IS,51,,SDA-MLWD/VENG-KORJ,vsg40,,,,,,,
vsg41,MARGAO,QUEPEM,ASSOLDA,,MRG,QPM,ASLD,#N/A,#N/A,Y,O,17,,MRG-QPM-ASLD,vsg41,,,,,,,
vsg42,SADA,SHIRODA,R/COLLEGE,,SDA,SRD,RCOL,#N/A,#N/A,Y,O,21,,SDA-SRD-RCOL,vsg42,College Special,,,,,,
vsg43,PANAJI,MRCL/SAKHLI,SONAL,,PNJ,MRCL/SNK,SNL,0,17,Y,O,24,,PNJ-MRCL/SNK-SNL,vsg43,,,,,,,
vsg44,PANAJI,PONDA,R. COLLEGE,,PNJ,PND,RCOL,#N/A,#N/A,Y,O,21,,PNJ-PND-RCOL,vsg44,,,,,,,
vsg45,VASCO,Z.NAGAR/MRG,HUBLI,,VSD,ZNGR/MRG,HBL,#N/A,#N/A,Y,IS,26,,VSD-ZNGR/MRG-HBL,vsg45,,,,,,,
vsg46,ASSOLDA,QUEPEM,BHUTNATH,,ASLD,QPM,BHTN,#N/A,#N/A,Y,O,2,,ASLD-QPM-BHTN,vsg46,Once a week,,,,,,
vsg47,VASCO,BELGAUM,RAICHUR,,VSD,BGM,RCHR,#N/A,#N/A,Y,IS,31,,VSD-BGM-RCHR,vsg47,,,,,,,
vsg48,VASCO,MARGAO,KARWAR,,VSD,MRG,KWR,#N/A,#N/A,Y,IS,39,,VSD-MRG-KWR,vsg48,,,,,,,
vsg49,MARGAO,PND/MARCEL,BICHOLIM,,MRG,PND/MRCL,BCH,#N/A,#N/A,Y,O,22,,MRG-PND/MRCL-BCH,vsg49,,,,,,,
vsg5,HARBOUR,LOUTLIM,PONDA,,HRB,LTL,PND,#N/A,#N/A,Y,O,21,,HRB-LTL-PND,vsg5,,,,,,,
vsg50,MARGAO,CORTALIM,PANJIM,,MRG,CRT,PNJ,#N/A,#N/A,Y,O,18,,MRG-CRT-PNJ,vsg50,,,,,,,
vsg51,VASCO,MRG/BIRLA,POLLEM,,VSD,MRG/BRL,PLM,0,6,Y,O,36,,VSD-MRG/BRL-PLM,vsg51,,,,,,,
vsg52,VASCO,BIRLA,CIPLA,,VSD,BRL,CPL,#N/A,#N/A,Y,O,14,,VSD-BRL-CPL,vsg52,,,,,,,
vsg53,PANAJI,CRT/THANA,KAMARK MOL,,PNJ,CRT/THNA,KMKML,#N/A,#N/A,Y,O,25,,PNJ-CRT/THNA-KMKML,vsg53,,,,,,,
vsg54,VASCO,PANAJI,MAPUSA,,VSD,PNJ,MPS,#N/A,#N/A,N,,25,,NOT INCLUDED,vsg54,,,,,,,
vsg55,PANJIM,ST.INEZ,ALTINOH,,PNJ,S.INZ,ALT,#N/A,#N/A,Y,O,4,,PNJ-S.INZ-ALT,vsg55,,,,,,,
vsg56,VASCO,CORTALIM,OLDGOA(SHUT,,VSD,CRT,0,#N/A,#N/A,N,NO,2,,NOT INCLUDED,vsg56,SEASONAL,,,,,,
vsg57,OLDGOA(SHUT,CORTALIM,MARGAO,,0,CRT,MRG,#N/A,#N/A,N,NO,2,,NOT INCLUDED,vsg57,SEASONAL,,,,,,
vsg58,OLDGOA(SHUT,BANASTARIM,PONDA(SHUT,,0,BNST,PND,#N/A,#N/A,N,NO,2,,NOT INCLUDED,vsg58,SEASONAL,,,,,,
vsg59,VASCO,CORTALIM,PNJ(SHUTTLE,,VSD,CRT,PNJ,#N/A,#N/A,Y,S,2,S,S:VSD-CRT-PNJ,vsg59,,,,,,,
vsg6,HARBOUR,NEURA,AKHADA,,HRB,NVR,AKD,0,11,Y,O,24,,HRB-NVR-AKD,vsg6,,,,,,,
vsg60,PANAJI,CORTALIM,VASCO,,PNJ,CRT,VSD,0,168,Y,O,16,,PNJ-CRT-VSD,vsg60,,,,,,,
vsg61,VASCO,MARCEL,BELGAVI,,VSD,MRCL,BGM,#N/A,#N/A,Y,IS,33,,VSD-MRCL-BGM,vsg61,,,,,,,
vsg62,VASCO,CORTALIM,PANAJI,,VSD,CRT,PNJ,#N/A,#N/A,Y,O,16,,VSD-CRT-PNJ,vsg62,,,,,,,
vsg63,DBL/AIRPORT,CORTALIM,PNJ/C-GUTE,,DBL APT,CRT,PNJ/CLG,#N/A,#N/A,Y,N.O.-seasonl,2,,DBL APT-CRT-PNJ/CLG,vsg63,,,,,,,
vsg64,CALGUTE/PNJ,PANJIM,DBL/AIRPORT,,CLG/PNJ,PNJ,DBL APT,0,167,Y,N.O.-seasonl,2,,CLG/PNJ-PNJ-DBL APT,vsg64,,,,,,,
vsg65,VASCO,PANAJI,AKKALKOT,,VSD,PNJ,AKLT,#N/A,#N/A,Y,IS,31,,VSD-PNJ-AKLT,vsg65,,,,,,,
vsg66,BELGAVI,MAUSA/PNJ,VASCO,,BGM,MPS/PNJ,VSD,#N/A,#N/A,Y,IS,4,,BGM-MPS/PNJ-VSD,vsg66,,,,,,,
vsg7,VASCO,MRG - PONDA,CBT BELGAUM,,VSD,0,BGM CBT,0,22,Y,IS,26,,VSD-0-BGM CBT,vsg7,,,,,,,
vsg8,SADA,MARGAO,HONNAWAR,,SDA,MRG,HNVR,#N/A,#N/A,Y,IS,26,,SDA-MRG-HNVR,vsg8,,,,,,,
vsg9,MAPUSA,PORVORIM,PANJIM CITY,,MPS,PRV,PNJ MKT,#N/A,#N/A,N,,10,,NOT INCLUDED,vsg9,,,,,,,
,,,,,,,,,,,,#N/A,#N/A,NOT INCLUDED,0,,,,,,,
,,,,,,,,,,,,,,NOT INCLUDED,0,,,,,,,
,,,,,,,,,,,,,,NOT INCLUDED,0,,,,,,,
,,,,,,,,,,,,,,NOT INCLUDED,0,,,,,,,
,,,,,,,,,,,,,,NOT INCLUDED,0,,,,,,,
,,,,,,,,,,,,,,NOT INCLUDED,0,,,,,,,
,,,,,,,,,,,,,,NOT INCLUDED,0,,,,,,,
,,,,,,,,,,,,,,NOT INCLUDED,0,,,,,,,
,,,,,,,,,,,,,,NOT INCLUDED,0,,,,,,,
,,,,,,,,,,,,,,NOT INCLUDED,0,,,,,,,
,,,,,,,,,,,,,,NOT INCLUDED,0,,,,,,,
,,,,,,,,,,,,,,NOT INCLUDED,0,,,,,,,
,,,,,,,,,,,,,,NOT INCLUDED,0,,,,,,,
,,,,,,,,,,,,,,NOT INCLUDED,0,,,,,,,
,,,,,,,,,,,,,,NOT INCLUDED,0,,,,,,,
,,,,,,,,,,,,,,NOT INCLUDED,0,,,,,,,
,,,,,,,,,,,,,,NOT INCLUDED,,,,,,,,
,,,,,,,,,,,,,,NOT INCLUDED,,,,,,,,
,,,,,,,,,,,,,,NOT INCLUDED,,,,,,,,
,,,,,,,,,,,,,,NOT INCLUDED,,,,,,,,
,,,,,,,,,,,,,,NOT INCLUDED,,,,,,,,
,,,,,,,,,,,,,,NOT INCLUDED,,,,,,,,
,,,,,,,,,,,,,,NOT INCLUDED,,,,,,,,
,,,,,,,,,,,,,,NOT INCLUDED,,,,,,,,
,,,,,,,,,,,,,,NOT INCLUDED,,,,,,,,
,,,,,,,,,,,,,,NOT INCLUDED,,,,,,,,
,,,,,,,,,,,,,,NOT INCLUDED,,,,,,,,
,,,,,,,,,,,,,,NOT INCLUDED,,,,,,,,
,,,,,,,,,,,,,,NOT INCLUDED,,,,,,,,
,,,,,,,,,,,,,,NOT INCLUDED,,,,,,,,
,,,,,,,,,,,,,,NOT INCLUDED,,,,,,,,
,,,,,,,,,,,,,,NOT INCLUDED,,,,,,,,
,,,,,,,,,,,,,,NOT INCLUDED,,,,,,,,
,,,,,,,,,,,,,,NOT INCLUDED,,,,,,,,
,,,,,,,,,,,,,,NOT INCLUDED,,,,,,,,
,,,,,,,,,,,,,,NOT INCLUDED,,,,,,,,
,,,,,,,,,,,,,,NOT INCLUDED,,,,,,,,
,,,,,,,,,,,,,,NOT INCLUDED,,,,,,,,
,,,,,,,,,,,,,,NOT INCLUDED,,,,,,,,
,,,,,,,,,,,,,,NOT INCLUDED,,,,,,,,
,,,,,,,,,,,,,,NOT INCLUDED,,,,,,,,
,,,,,,,,,,,,,,NOT INCLUDED,,,,,,,,
,,,,,,,,,,,,,,NOT INCLUDED,,,,,,,,
,,,,,,,,,,,,,,NOT INCLUDED,,,,,,,,
,,,,,,,,,,,,,,NOT INCLUDED,,,,,,,,
,,,,,,,,,,,,,,NOT INCLUDED,,,,,,,,
,,,,,,,,,,,,,,NOT INCLUDED,,,,,,,,
,,,,,,,,,,,,,,NOT INCLUDED,,,,,,,,
,,,,,,,,,,,,,,NOT INCLUDED,,,,,,,,
,,,,,,,,,,,,,,NOT INCLUDED,,,,,,,,
,,,,,,,,,,,,,,NOT INCLUDED,,,,,,,,
,,,,,,,,,,,,,,NOT INCLUDED,,,,,,,,
,,,,,,,,,,,,,,NOT INCLUDED,,,,,,,,
,,,,,,,,,,,,,,NOT INCLUDED,,,,,,,,
,,,,,,,,,,,,,,NOT INCLUDED,,,,,,,,
,,,,,,,,,,,,,,NOT INCLUDED,,,,,,,,
,,,,,,,,,,,,,,NOT INCLUDED,,,,,,,,
,,,,,,,,,,,,,,NOT INCLUDED,,,,,,,,
,,,,,,,,,,,,,,NOT INCLUDED,,,,,,,,
,,,,,,,,,,,,,,NOT INCLUDED,,,,,,,,
,,,,,,,,,,,,,,NOT INCLUDED,,,,,,,,
,,,,,,,,,,,,,,NOT INCLUDED,,,,,,,,
,,,,,,,,,,,,,,NOT INCLUDED,,,,,,,,
,,,,,,,,,,,,,,NOT INCLUDED,,,,,,,,
,,,,,,,,,,,,,,NOT INCLUDED,,,,,,,,
,,,,,,,,,,,,,,NOT INCLUDED,,,,,,,,
,,,,,,,,,,,,,,NOT INCLUDED,,,,,,,,
,,,,,,,,,,,,,,NOT INCLUDED,,,,,,,,
,,,,,,,,,,,,,,NOT INCLUDED,,,,,,,,
,,,,,,,,,,,,,,NOT INCLUDED,,,,,,,,
,,,,,,,,,,,,,,NOT INCLUDED,,,,,,,,
,,,,,,,,,,,,,,NOT INCLUDED,,,,,,,,
,,,,,,,,,,,,,,NOT INCLUDED,,,,,,,,
,,,,,,,,,,,,,,NOT INCLUDED,,,,,,,,
,,,,,,,,,,,,,,NOT INCLUDED,,,,,,,,
,,,,,,,,,,,,,,NOT INCLUDED,,,,,,,,
,,,,,,,,,,,,,,NOT INCLUDED,,,,,,,,
,,,,,,,,,,,,,,NOT INCLUDED,,,,,,,,
,,,,,,,,,,,,,,NOT INCLUDED,,,,,,,,
,,,,,,,,,,,,,,NOT INCLUDED,,,,,,,,
