depot,route_no,route_cd,route_name,Route Type,ETM stage codes,IsRep,
PRV,192,PRV192, MAPUSA-KHARPAL via BICHOLIM,LOCAL INTRASTATE,MPS-MCT-DLR-PDM-KWD-MDL-TVI-TGD-CNB-SRL-SCP-CLS-ASN-MLG-MTP-VLS-BCH-LKR-VAN-CHK-LDF-GDD-PAL,TRUE,
PRV,230,PRV230,ADVOI-MORRLLEM,LOCAL INTRASTATE,ADV-VGR-SGN-PSS-HVD-HND-GBB-ARV-MOR-MLE,TRUE,
VSD,82,VSD82,AGAPUR-PANAJI,LOCAL INTRASTATE,AGP-API-DBT-TLM-WDD-TAM-ADU-BSK-SBT-BRB-CDK-LTM-ANG-RAS-RDK-KOS-CPW-THN-BRX-TTN-CPL-TTN-BRX-FZT-CRT-AGS-PLR-GVL-SRD-BWS-GMC-STX-PNJ,TRUE,
VSD,81,VSD81,AGAPUR-VASCO,LOCAL INTRASTATE,AGP-API-DBT-TLM-WDD-TAM-ADU-BSK-SBT-BRB-CDK-LTM-ANG-RAS-RDK-KOS-CPW-THN-BRX-TTN-CPL-TTN-KMN-MTS-UPN-ZAN-ZAR-BRL-MEL-DBL-AIR-VDY-CHC-VDM-SPY-VSD,TRUE,
VSD,43,VSD43,AIRPORT-CALANGUTE via PANAJI,EV INTRASTATE,AIR-PNJ-CLG,TRUE,
PNJ,102,PNJ102,AKHADA-RITE COLAGE,LOCAL INTRASTATE,AKD-STE-KMJ-TNC-MRC-TVR-TBG-BNS-BHM-KDM-MGS-MDO-PTK-FMD-FCL-PND-DVL-TPC-BSK-SBT-BRB-TVL-VAZ-SRA-RIT,TRUE,
PRV,175,PRV175,ASSNODA-VERNA IND via PANAJI,LOCAL INTRASTATE,ASN-CLS-SCP-SRL-CNB-TGD-TVI-MDL-KWD-PDM-DLR-MCT-MPS-GOC-GPK-GRO-PRV-PWK-COP-GUL-TBD-SAI-PNJ-STX-GMC-BWS-SRD-GVL-PLR-AGS-CRT-FZT-BRX-TTN-VRI,TRUE,
VSD,83,VSD83,ASSOLDA-VASCO,LOCAL INTRASTATE,ASD-GOV-XDM-TMO-QCT-QPM-PRD-CTA-GDI-PBT-DNK-LPI-GNP-MEL-RVF-APH-PJF-MRK-MRG-NUV-RMD-ANL-SNL-VRN-PRN-TTN-KMN-MTS-UPN-ZAN-ZAR-BRL-MEL-DBM-AIR-VDY-CHC-VDM-SPY-VSD,TRUE,
PNJ,192,PNJ192,BAKIA PARKING-OLD GOA CHURCH,LOCAL INTRASTATE,BKP-OLD,TRUE,
MRG,368,MRG368,BALLI - CURCHOREM,LOCAL INTRASTATE,BLI-AND-ASR-AOE-QPM-QCT-TMO-SIV-MST-TNK-KAK-BSI-CUR,TRUE,
PNJ,29,PNJ29,BAMBOLI GMC-SHIGNE via MARCEL,LOCAL INTRASTATE,GMC-STX-PNJ-RPT-FRY-RBD-RSC-SPD-BGN-OLD-PMP-COR-DLP-BNS-TBG-TVR-MRC-KDL-AMN-SEZ-NVT-NHV-KDN-GTN-SKL-SHB-HRV-PNG-PUD-HND-HVD-SLI-BUI-KHN-RGT-NGV-VLP-SNC-NGO-KMI-SLP-SGN,TRUE,
PRV,76,PRV76,BICHOLIM-BICHOLIM,LOCAL INTRASTATE,BCH-PAZ-MYM-KUM-BVK-VAI-TKJ-HTL-HTM-VRP-MYJ-VRP-HTM-HTL-TKJ-VAI-BVK-KUM-MYM-PAZ-BCH,TRUE,
PRV,79,PRV79,BICHOLIM-BICHOLIM via SINQUERIM,LOCAL INTRASTATE,BCH-POL-WDY-MPC-GKW-HDW-PRA-SNQ-PRA-HDW-GKW-MPC-WDY-POL-BCH,TRUE,
PNJ,44,PNJ44,BICHOLIM-DHARBANDORA,LOCAL INTRASTATE,BCH-ZCL-SRX-AHP-VJN-KTK-SKL-SHB-HRV-PNG-PUD-HND-CRW-SLY-AJT-STK-SNS-DIG-SUL-ULG-BKD-PLE-BMI-UGO-KYK-KEL-USG-SUG-DHB,TRUE,
PRV,233,PRV233,BICHOLIM-HATURLI,LOCAL INTRASTATE,BCH-PAZ-MYM-KUM-BVK-VAI-TKJ-HTL,TRUE,
PNJ,91,PNJ91,BICHOLIM-HIVRE via VALPOI,LOCAL INTRASTATE,BCH-ZCL-SRX-AHP-VJN-KTK-SKL-SHB-HRV-PNG-PUD-HND-HVD-SLI-BUI-KHN-RGT-NGV-VLP-VLU-CRX-HDO-PLI-TNE-CRV-HVR,TRUE,
PRV,81,PRV81,BICHOLIM-MADEL via HATURLI,LOCAL INTRASTATE,BCH-PAZ-DBD-PLG-SPT-PCY-NAR-HTL-TKJ-SDT-SCH-DGN-CMR-MDL,TRUE,
PRV,80,PRV80,BICHOLIM-MADEL via SADETIR,LOCAL INTRASTATE,BCH-POL-WDY-MTK-BVK-VAI-TKJ-SDT-SCH-DGN-CMR-MDL,TRUE,
PNJ,21,PNJ21,BICHOLIM-MARGAO,LOCAL INTRASTATE,BCH-ZCL-SRX-AHP-VJN-KTK-SKL-GTN-KDN-NHV-NVT-SEZ-AMN-KDL-MRC-TVR-TBG-BNS-BHM-KDM-MGS-MDO-PTK-FMD-FCL-PND-DVL-TPC-BSK-SBT-BRB-CDK-AMR-TBR-RAK-RAI-ALE-PWD-FTD-MRG,TRUE,
PRV,82,PRV82,BICHOLIM-MURDI via PILGAO,LOCAL INTRASTATE,BCH-PAZ-DBD-PLG-SPT-PCY-NAR-MUD,TRUE,
PRV,78,PRV78,BICHOLIM-NARVA,LOCAL INTRASTATE,BCH-PAZ-WDY-MTK-BVK-VAI-TKJ-HTL-NAR,TRUE,
PRV,77,PRV77,BICHOLIM-NARVA via MAYEM LAKE,LOCAL INTRASTATE,BCH-PAZ-MYM-KUM-BVK-VAI-TKJ-HTL-NAR,TRUE,
PNJ,22,PNJ22,BICHOLIM-PANAJI,LOCAL INTRASTATE,BCH-POL-WDY-MPC-GKW-MTK-PRA-POD-KJC-KJB-ALD-BHG-CAR-GLV-OLM-GYN-PMB-EXM-SLV-BTO-VIR-MLI-PNJ,TRUE,
PRV,19,PRV19,BICHOLIM-PONDA via MARCEL,LOCAL INTRASTATE,BCH-ZCL-SRX-AHP-VJN-KTK-SKL-GTN-KDN-NHV-NVT-SEZ-AMN-KDL-MRC-TVR-TBG-BNS-BHM-KDM-MGS-MDO-PTK-FMD-FCL-PND,TRUE,
MRG,51,MRG51,CAB-DE-RAM-AGONDA CHRC via MATIMOL,LOCAL INTRASTATE,CAB-CBC-GOO-MLO-GNP-MTM-SRT-VAG-KMO-SLR-PRM-KRS-PNN-AGD,TRUE,
MRG,195,MRG195,CALANGUTE-MOPA AIRPORT,MANUAL EV INTRASTATE,CLG-MPS-GOX,TRUE,
MRG,206,MRG206,CALANGUTE-PANAJI via VEREM,LOCAL INTRASTATE,CLG-CLX-DFX-ARD-SLG-PIE-MCV-VPP-VRM-VBK-BFR-BTM-MLI-PNJ,TRUE,
MRG,339,MRG339,CANACONA - CURCHOREM,LOCAL INTRASTATE,CNC-CST-GLE-PKO-BCE-PDI-GOD-BNO-BLI-AND-ASR-AMO-QPM-QCT-TMO-TNK-KAK-BSI-CUR,TRUE,
MRG,343,MRG343,CANACONA - PALLOLEM,LOCAL INTRASTATE,CNC-CWI-PSE-PAT-PLM,TRUE,
MRG,321,MRG321,CANACONA- AVALI -YEDA,LOCAL INTRASTATE,CNC-PSN-SMT-MKD-BPL-NVD-GAO-KRV-GAO-ZIL-STO-BDD-MNE-AVM-AVI-YDA,TRUE,
MRG,318,MRG318,CANACONA- CHIPALE,LOCAL INTRASTATE,CNC-PSN-VDK-BPL-AFD-PTG-PGN-GAL-CHP,TRUE,
MRG,47,MRG47,CANACONA-CAB-DE-RAM,LOCAL INTRASTATE,CNC-CST-DBG-DUM-AGD-PNN-KRS-PRM-SLR-KMO-VAG-SRT-MTM-GNP-MLO-GOO-CBC-CAB,TRUE,
MRG,316,MRG316,CANACONA-GAODONGRI,LOCAL INTRASTATE,CNC-PSN-SMT-BPL-NVD-SNR-KRV-GAO,TRUE,
MRG,346,MRG346,CANACONA-INDRAWADA,LOCAL INTRASTATE,CNC-SRI-MKD-BPL-BTG-NEW-KRV-GAO-INW,TRUE,
MRG,45,MRG45,CANACONA-KAJUMOL,LOCAL INTRASTATE,CNC-CST-DBG-DUM-AGD-PNN-KRS-PRM-SLR-KMO,TRUE,
MRG,317,MRG317,CANACONA-KHOLA,LOCAL INTRASTATE,CNC-CST-DBG-DUM-PNN-PRM-SLR-VAG-KOA,TRUE,
MRG,48,MRG48,CANACONA-KUSKEM,LOCAL INTRASTATE,CNC-SRI-MKD-BPL-AFD-PTG-KMY-SHV-CAM-TIR-DAB-AVM-YDA-KSK,TRUE,
MRG,313,MRG313,CANACONA-KUSKEM,LOCAL INTRASTATE,CNC-SRI-MKD-BPL-AFD-PTG-KMY-SHV-CAM-TIR-DBE-KTG-YDA-KSK,TRUE,
MRG,326,MRG326,CANACONA-MATIMOL,LOCAL INTRASTATE,CNC-CST-DBG-DHN-VAD-PNN-HLC-PRM-SLR-VAG-MTM,TRUE,
MRG,50,MRG50,CANACONA-MATIMOL,LOCAL INTRASTATE,CNC-CST-DBG-DUM-AGD-PNN-KRS-PRM-SLR-KMO-VAG-SRT-MTM,TRUE,
MRG,323,MRG323,CANACONA-MUDKUD,LOCAL INTRASTATE,CNC-CST-DBG-DHN-VAD-PNN-HLC-MKU,TRUE,
MRG,336,MRG336,CANACONA-PALOLEM,LOCAL INTRASTATE,CNC-PSL-PAT-PLM,TRUE,
MRG,319,MRG319,CANACONA-PEDDE,LOCAL INTRASTATE,CNC-PSN-VDK-BPL-AFD-PTG-PGN-MSM-DPT-LOL-PEE,TRUE,
MRG,328,MRG328,CANACONA-POLLEM,LOCAL INTRASTATE,CNC-PSN-SMT-BPL-AFD-GHO-NTN-SDX-MTH-TLP-KLR-GTP-KTY-MHD-VTT-DTT-PGN-KAU-MSM-DPT-LOL-SIN-PLL,TRUE,
MRG,46,MRG46,CANACONA-POPAIDANDO,LOCAL INTRASTATE,CNC-CST-DBG-DUM-AGD-PNN-KRS-PRM-SLR-KMO-VAG-MTV-SOL-PPD,TRUE,
MRG,342,MRG342,CANACONA-SDL-POIGINI,LOCAL INTRASTATE,CNC-SRI-MKD-BPL-AFD-GKM-SDX-MTH-TLP-GTP-BAG-MHW-PGN,TRUE,
MRG,327,MRG327,CANACONA-SHISEVAL,LOCAL INTRASTATE,CNC-PSN-VDK-BPL-AFD-PTG-SHV,TRUE,
MRG,325,MRG325,CANACONA-SHRISTAL,LOCAL INTRASTATE,CNC-PSN-SMT-BPL-AFD-PTG-SRI,TRUE,
MRG,322,MRG322,CANACONA-SHRISTAL-ASALI,LOCAL INTRASTATE,CNC-PSN-SMT-SRI-ASI,TRUE,
MRG,320,MRG320,CANACONA-TISCON,LOCAL INTRASTATE,CNC-CST-GLM-PLK-PSM-BCE-SHL-GOK-TSC,TRUE,
MRG,49,MRG49,CANACONA-TUDAL via GAODONGARI,LOCAL INTRASTATE,CNC-SRI-MKD-BPL-BTG-NEW-KRV-GAO-INW-BUI-TDL,TRUE,
MRG,324,MRG324,CANACONA-VAIZWADA,LOCAL INTRASTATE,CNC-PSN-SMT-SRI-VZW,TRUE,
MRG,44,MRG44,CANACONA-VAL,LOCAL INTRASTATE,CNC-CST-DBG-DUM-AGD-VAL,TRUE,
MRG,103,MRG103,CIPLA-CUNCOLIEM,LOCAL INTRASTATE,CPL-TTN-BRX-THN-CPW-KOS-RDK-RAS-ANG-LTM-CDK-BRB-SBT-BSK-TPC-DVL-PND-FCL-FMD-PTK-MDO-MGS-KDM-CCO,TRUE,
VSD,84,VSD84,CIPLA-KARWAR,LOCAL INTERSTATE,CPL-TTN-PRN-VRN-SNL-ANL-RMD-NUV-MRG-MRK-NVY-DRM-CNX-DDI-PZK-CUN-DMN-BLI-BNO-GOD-PDI-PSM-PKO-GLM-CST-CNC-SRI-MKD-BPL-AFD-PTG-PMT-PGN-KRY-MSM-DPT-LOL-XLM-PBR-MZL-SDG-KRW,TRUE,
MRG,104,MRG104,CIPLA-SHIRODA via THANA,LOCAL INTRASTATE,CPL-TTN-BRX-THN-CPW-KOS-RDK-RAS-ANG-LTM-CDK-BRB-TVL-VAZ-SRA,TRUE,
MRG,376,MRG376,COPROMODDI-MARGAO,LOCAL INTRASTATE,CRD-ASD-CTT-CDR-PMO-MMS-RTO-GBH-BGT-DCH-DAR-AQH-PJF-MSB-MRG,TRUE,
MRG,58,MRG58,CUNCOLIM-BETUL via MURIDA,LOCAL INTRASTATE,CUN-BVS-MRD-BGA-VMK-VLM-BRD-MXB-BTX-BTL,TRUE,
MRG,57,MRG57,CUNCOLIM-VELIM MKT via MURIDA,LOCAL INTRASTATE,CUN-BVS-MRD-BGA-VMK,TRUE,
MRG,335,MRG335,CURCHOREM -KALAY,LOCAL INTRASTATE,CUR-SVD-DDE-GDN-GDM-PRU-AUD-DNM-KLY,TRUE,
MRG,375,MRG375,CURCHOREM-ASSOLDA,LOCAL INTRASTATE,CUR-RXL-XLN-CRD-ASD,TRUE,
MRG,378,MRG378,CURCHOREM-CHANDOR- GUDI -MARGAO,LOCAL INTRASTATE,CUR-RXL-XLN-CRD-ASD-CTT-CDR-ACX-GDI-PBT-DNK-LPI-GNP-MEC-RVF-PWH-PJF-MRK,TRUE,
MRG,106,MRG106,CURCHOREM-FMD ENG CLG,LOCAL INTRASTATE,CUR-SVD-CAP-MAP-DAM-PTM-PAW-AMI-VZL-MNK-DBL-SRA-VAZ-TVL-BRB-SBT-BSK-TPC-DVL-PND-FCL-FMD-ENG,TRUE,
MRG,122,MRG122,CURCHOREM-KARWAR via CUNCOLIM,LOCAL INTERSTATE,CUR-BSI-KAK-TNK-TMO-QCT-QPM-AMO-AKM-PWH-SWK-CUN-DMN-BLI-BNO-GOD-PDI-PSM-PKO-GLM-CST-CNC-SRI-MKD-BPL-AFD-PTG-PMT-PGN-KRY-MSM-DPT-LOL-XLM-PBR-MZL-SDG-KRW,TRUE,
MRG,167,MRG167,CURCHOREM-MANGAL,LOCAL INTRASTATE,CUR-SJL-CCP-GPC-SGC-SGD-MAS-SGM-PGM-UGE-DSW-VLK-BZN-BHT-MLK-VLN-VLS-VDL-PRT-HNT-VCR-NTL-JKM-MFG-MNP-MLN,TRUE,
MRG,165,MRG165,CURCHOREM-MANGAL via RIVONA,LOCAL INTRASTATE,CUR-BSI-KAK-TNK-TMO-SOM-SVO-ZMB-RVC-RVN-CLO-KVN-CVT-CVR-NVY-CRP-VCR-NTL-JKM-MFG-MNP-MLN,TRUE,
MRG,166,MRG166,CURCHOREM-MANGAL via SULCORNA,LOCAL INTRASTATE,CUR-BSI-KAK-TNK-TMO-SOM-SVO-ZMB-RVC-RVN-CLO-KVN-UGK-DON-SLC-CZR-DVR-VCR-VCX-NTL-JKM-MFG-MNP-MLN,TRUE,
MRG,374,MRG374,CURCHOREM-MARGAO,LOCAL INTRASTATE,CUR-RXL-XLN-CRD-ASD-CTT-CDR-PMO-MMS-RTO-GBH-BGT-DCH-DAR-AQH-PJF-MSB-MRG,TRUE,
MRG,87,MRG87,CURCHOREM-MOLLEM via DHARBANDORA,LOCAL INTRASTATE,CUR-SVD-DDE-GDN-GDM-PRU-BDL-BDP-SVG-KRP-VAG-DBP-SSG-CDT-DWK-DHB-SUG-USG-SUG-DHB-DHA-SKT-DTR-MLM,TRUE,
MRG,81,MRG81,CURCHOREM-MOLLEM via SHIGAO,LOCAL INTRASTATE,CUR-SVD-DDE-GDN-GDM-PRU-BDL-BDP-SVG-KAR-VDN-SHG-ABD-CLM-NVW-DUD-MLM,TRUE,
MRG,331,MRG331,CURCHOREM-NETURLIM,LOCAL INTRASTATE,CUR-SJL-CCP-GPC-SGC-SGD-MAS-SGM-PGM-UGE-DSW-VLK-BAR-BHT-MLK-VLN-VLS-VDC-PRT-HNT-VCX-NTL,TRUE,
MRG,111,MRG111,CURCHOREM-PANAJI via MARGAO,SHUTTLE,CUR-MRG-PNJ-MKT,TRUE,
MRG,79,MRG79,CURCHOREM-SALJINI via RIVONA,LOCAL INTRASTATE,CUR-BSI-KAK-TNK-TMO-SOM-SVO-ZMB-RVC-RVN-CLO-KVN-UGX-DON-SLC-DVR-VCR-VCX-NTL-TDV-VRL-SJN,TRUE,
MRG,354,MRG354,CURCHOREM-SANGUEM,LOCAL INTRASTATE,CUR-SJL-CCP-GPC-SGC-SGD-MAS-SGM,TRUE,
PNJ,97,PNJ97,CURCHOREM-SOLIEM via KAKODA,EV INTRASTATE,CUR-KKD-VML-SOL,TRUE,
MRG,82,MRG82,CURCHOREM-USGAO TISK,LOCAL INTRASTATE,CUR-SVD-DDE-GDN-GDM-PRU-BDL-BDP-SVG-KRP-VAG-DBP-SSG-CDT-DWK-DHB-SUG-USG,TRUE,
MRG,80,MRG80,CURCHOREM-VADE COLONY via RIVONA,LOCAL INTRASTATE,CUR-BSI-KAK-TNK-TMO-SOM-SVO-ZMB-RVC-RVN-CLO-KVN-UGX-DON-SLC-DVR-CZR-VCR-VCX-NTL-HNT-PRT-VDC,TRUE,
MRG,116,MRG116,CURCHOREM-VAGON,LOCAL INTRASTATE,CUR-SVD-DDE-GDN-GDM-PRU-BDL-BOS-VGY-MAY-KMC-HLL-SUD-VAG,TRUE,
PNJ,198,PNJ198,DHARBANDORA-SANKHALI,LOCAL INTRASTATE,DHB-SUG-USG-KEL-KYK-UGO-BMI-PLE-BKD-ULG-SUL-DIG-SNS-STK-AJT-SLY-CRW-HND-PUD-PNG-HRV-SHB-SKL,TRUE,
PNJ,109,PNJ109,DON BOSCO-GAWANDALI via PANAJI,LOCAL INTRASTATE,DON-MKT-FBT-PNJ-RPT-FRY-RBD-RSC-SPD-BGN-OLD-ICE-GND,TRUE,
MRG,204,MRG204,DON BOSCO-MARGAO,LOCAL INTRASTATE,DON-UGX-KVN-CLO-RVN-RVC-ZMB-SVO-SOM-TMO-QCT-QPM-PRD-CTA-GDI-PBT-DNK-LPI-GNP-MEL-RVF-APH-PJF-MRK-MRG,TRUE,
MRG,187,MRG187,EV CURCHOREM-EV PANAJI,EV SHUTTLE,CUR-MRG-PNJ,TRUE,
MRG,173,MRG173,EV HURBOUR-EV PANAJI via EV CORTALIM,EV INTRASTATE,HRB-SDA-VSD-SPY-VDM-CHC-DBM-ZUY-ZRE-CNT-SCL-CRT-AGS-PLR-GVL-SRD-BWS-GMC-STX-PNJ,TRUE,
PRV,205,PRV205,EV MAPUSA-EV PANAJI,EV SHUTTLE,MPS-PNJ,TRUE,
MRG,178,MRG178,EV MARGAO-EV BAMB GMC,EV INTRASTATE,MRG-FTD-PWD-ALE-RAK-RAI-TBR-AMR-CDK-BRB-SBT-BSK-TPC-DVL-PND-FCL-FMD-PTK-MDO-MGS-KDM-BHM-BNS-DLP-COR-PMP-OLD-BGN-SPD-RSC-RBD-FRY-RPT-PNJ-STX-GMC,TRUE,
MRG,188,MRG188,EV MARGAO-EV CIPLA,EV INTRASTATE,MRG-NUV-RMD-ANL-SNL-VRN-PRN-CRT-FZT-BRX-TTN-CPL,TRUE,
MRG,170,MRG170,EV MARGAO-EV KARWAR,EV INTERSTATE,MRG-MRK-NVY-DRM-CNN-DDI-PZK-CUN-DMN-BLI-BNO-GOD-PDI-PSM-PKO-GLM-CST-CNC-SRI-MKD-BPL-AFD-PTG-PMT-PGN-KRY-MXN-DPT-LOL-XLM-PBR-MZL-SDG-KRW,TRUE,
MRG,161,MRG161,EV MARGAO-EV PANAJI,EV INTRASTATE,MRG-NUM-RMD-ANL-SNL-VRN-PRN-TTN-BRX-FZT-CRT-ANL-PLR-GVL-SRD-BWS-GMC-STX-PNJ,TRUE,
MRG,115,MRG115,EV MARGAO-EV PANAJI,EV INTRASTATE,MRG-FTD-PWD-ALE-RAK-RAI-TBR-AMR-CDK-BRB-SBT-BSK-TPC-DVL-PND-UBZ-CUT-KND-CWS-HLX-NST-MRF-USG-KEL-KYK-UGO-BMI-PLE-BKD-ULG-SUL-DIG-SNS-STK-AJT-SLY-CRW-HND-PUD-PNG-HRV-SHB-SKL-KTK-VJN-AHP-SRX-ZCL-BCH-VLS-MTP-MGO-ASN-CLS-SCP-SRL-CNB-TGD-TVI-MDL-KWD-PED-DLR-MCT-MPS-GOC-GPK-GRO-PRV-PWK-COP-GUL-TBD-SAI-PNJ,TRUE,
MRG,189,MRG189,EV MARGAO-EV PATRADEVI EV,EV INTRASTATE,MRG-NUV-RMD-ANL-SNL-VRN-PRN-TTN-CPL-TTN-BRX-FZT-CRT-AGS-PLR-GVL-SRD-BWS-GMC-STX-PNJ-SAI-TBD-GUL-COP-PWK-PRV-GRO-GPK-GOC-MPS-MCT-DLR-PED-KWD-CHB-BNN-CVL-MKJ-DHG-KLN-OBG-WLP-WCL-MLP-PDN-NBG-SBG-PKD-RBG-UGV-TBS-TRS-DSK-PTR,TRUE,
MRG,177,MRG177,EV MARGAO-EV VASCO via EV CORTALIM,EV INTRASTATE,MRG-NUV-RMD-ANL-SNL-VRN-PRN-TTN-BRX-FZT-CRT-SCL-CNT-ZRE-ZUY-DBM-CHC-VDM-SPY-VSD,TRUE,
PRV,200,PRV200,EV PANAJI-EV DHAVE,EV INTRASTATE,PNJ-SAI-TBD-GUL-COP-PWK-PRV-GRO-GPK-GOC-MPS-MCT-DLR-PDM-KWD-MDL-TVI-TGD-CNB-SRL-SCP-CLS-ASN-MLG-MTP-VLS-BCH-ZCL-SRX-AHP-VJN-KTK-SKL-SHB-HRV-PNG-PUD-HND-HVD-SLI-BUI-KHN-RGT-NGV-VLP-SNT-NGO-DHV,TRUE,
MRG,180,MRG180,EV PANAJI-EV MARGAO,EV INTRASTATE,PNJ-RPT-FRY-RBD-RSC-SPD-BGN-OLD-PMP-COR-DLP-BNS-BHM-KDM-MGS-MDO-PTK-FMD-FCL-PND-DVL-TPC-BSK-SBT-BRB-CDK-LTM-ANG-RAS-RDK-KOS-CPW-THN-BRX-TTN-CPL-TTN-PRN-VRN-SNL-ANL-RMD-NUV-MRG,TRUE,
PRV,203,PRV203,EV PANAJI-EV PATRADEVI,EV INTRASTATE,PNJ-SAI-TBD-GUL-COP-PWK-PRV-GRO-GPK-GOC-MPS-MCT-DLR-PDM-KWD-CHB-BNN-CVL-MKJ-DHG-KLN-OBG-WLP-WCL-MLP-PDN-NBG-SBG-PKD-RBG-UGV-TBS-TRS-DSK-PTR,TRUE,
MRG,172,MRG172,EV PANAJI-EV SAWANTWADI,EV INTERSTATE,PNJ-SAI-TBD-GUL-COP-PWK-PRV-GRO-GPK-GOC-MPS-MCT-DLR-PED-KWD-CHB-BNN-CVL-MKJ-DHG-KLN-OBG-WLP-WCL-MLP-PDN-NBG-SBG-PKD-RBG-UGV-TBS-TRS-DSK-PTR-BND-KDW-XFL-MNN-SWD,TRUE,
MRG,114,MRG114,EV PANAJI-EV VALPOI via EV MARCEL,EV INTRASTATE,PNJ-RPT-FRY-RBD-RSC-SPD-BGN-OLD-PMP-COR-DLP-BNS-TBG-TVR-MRC-KDL-AMN-SEZ-NVY-NVY-KDN-GTN-SKL-SHB-HRV-PNG-PUD-HND-HVD-SLI-BUI-KHN-RGT-NGV-VLP,TRUE,
PNJ,184,PNJ184,EV PANAJI-EV VASCO,EV INTRASTATE,PNJ-STX-GMC-BWS-SRD-GVL-PLR-AGS-CRT-SCL-SCV-ZRE-ZUY-DBL-CHC-VDM-SPY-VSD-HRB,TRUE,
MRG,175,MRG175,EV PANAJI-EV VASCO via EV CORTALIM,EV INTRASTATE,PNJ-STX-GMC-BWS-SRD-GVL-PLR-AGS-CRT-SCL-CNT-ZRE-ZUY-DBM-CHC-VDM-SPY-VSD,TRUE,
MRG,118,MRG118,EV PANAJI-EVPATRADEVI via EV PEDNE,EV INTRASTATE,PNJ-SAI-TBD-GUL-COP-PWK-PRV-GRO-GPK-GOC-MPS-MCT-DLR-PED-KWD-CHB-BNN-CVL-MKJ-DHG-KLN-OBG-WLP-WCL-MLP-PDN-NBG-SBG-PKD-RBG-UGV-TBS-TRS-DSK-PTR,TRUE,
PNJ,186,PNJ186,EV PONDA-EV IPHB BAMBOLI,EV SHUTTLE,PND-PNJ-GMC-PHB,TRUE,
MRG,176,MRG176,EV VASCO-EV MARGAO via EV BIRLA,EV INTRASTATE,VSD-SPY-VDM-CHC-VDY-AIR-DBL-MEL-BRL-ZAR-ZAN-UPN-MTS-KMN-TTN-PRN-VRN-SNL-ANL-RMD-NUV-MRG,TRUE,
MRG,179,MRG179,EV VASCO-EV SHIRODA,EV INTRASTATE,VSD-SPY-VDM-CHC-VDY-AIR-DBM-MEL-BRL-ZAR-ZAN-UPN-MTS-KMN-TTN-PRN-VRN-LTM-CDK-BRB-SBT-BSK-TPC-DVL-PND-DVL-TPC-BSK-SBT-BRB-TVL-VAZ-SRA,TRUE,
PNJ,72,PNJ72,FARMAGUDI-MAINGINE via PONDA,LOCAL INTRASTATE,FMD-FCL-PND-UBZ-CUT-KND-CWS-HLX-NST-MRF-USG-KEL-KYK-UGO-NNS-ABS-GAN-KKR-GLL-MMN-PKL-SEL-DDA-MGN,TRUE,
MRG,205,MRG205,FMD ENG CLG-KALAY,LOCAL INTRASTATE,ENG-FMD-FCL-PND-DVL-TPC-BSK-SBT-BRB-TVL-VAZ-SRA-DBL-MNK-VZL-AMI-PAW-PTM-DAM-MAP-CAP-SVD-CUR-SJL-CCP-GPC-SGC-SGD-MAS-SGM-AMD-CNM-APR-COS-DUI-KUT-KLY,TRUE,
VSD,21,VSD21,HARBOUR-AKHADA,LOCAL INTRASTATE,HRB-SDA-VSD-SPY-VDM-CHC-DBL-ZUY-ZRE-SCV-SCL-CRT-AGS-PLR-NUR-VNR-MTO-AZS-CRM-PET-KRL-OLD-PMP-COR-DLP-BNS-TBG-TVR-MRC-TNC-KMJ-STE-AKD,TRUE,
VSD,28,VSD28,HARBOUR-ASSOLDA via QUEPEM,LOCAL INTRASTATE,HRB-SDA-VSD-SPY-VDM-CHC-VDY-AIR-DBM-MEL-BRL-ZAR-ZAN-UPN-MTS-KMN-TTN-PRN-VRN-SNL-ANL-RMD-NUV-MRG-MRK-PJF-APH-RVF-MEL-GNP-LPI-DNK-PBT-GDI-CTA-PRD-QPM-QCT-TMO-XDM-GOV-ASD,TRUE,
VSD,27,VSD27,HARBOUR-DEVSU,LOCAL INTRASTATE,HRB-SDA-VSD-SPY-VDM-CHC-DBL-ZUY-ZRE-SCV-SCL-CRT-AGS-PLR-GVL-SRD-BWS-GMC-STX-PNJ-SAI-TBD-GUL-COP-PWK-PRV-GRO-GPK-GOC-MPS-MCT-DLR-XLP-KCL-SWO-MRN-SIC-SCR-SFX-SIO-CDM-AGA-AGW-PCH-PMD-PRE-KDK-TUH-BDW-PTW-KGO-DEV,TRUE,
VSD,34,VSD34,HARBOUR-GOA UNVRSTY via CORTALIM,LOCAL INTRASTATE,HRB-SDA-VSD-SPY-VDM-CHC-DBL-ZUY-ZRE-SCV-SCL-CRT-AGS-PLR-GVL-SRD-BWS-GMC-GUN,TRUE,
VSD,6,VSD6,HARBOUR-MARGAO via CORTALIM,LOCAL INTRASTATE,HRB-SDA-VSD-SPY-VDM-CHC-DBL-ZUY-ZRE-SCV-SCL-CRT-THN-BRX-TTN-PRN-VRN-SNL-ANL-RMD-NUV-MRG,TRUE,
VSD,7,VSD7,HARBOUR-PONDA via CORTALIM,LOCAL INTRASTATE,HRB-SDA-VSD-SPY-VDM-CHC-DBL-ZUY-ZRE-SCV-SCL-CRT-THN-CPW-KOS-RDK-RAS-ANG-LTM-CDK-BRB-SBT-BSK-TPC-DVL-PND,TRUE,
PRV,206,PRV206,HARMAL-MORJI-PEDNE-PATRADEVI,LOCAL INTRASTATE,HML-KPD-JNX-MMZ-DWD-MDM-ASV-NEW-MJM-MSC-MDU-BCX-KNI-CDM-AGA-AGW-PCH-PMD-PRE-KDK-TUH-PDN-NBG-SBG-PKD-RBG-UGV-TBS-TRS-DSK-PTR,TRUE,
PRV,229,PRV229,HASAPUR-PATRADEVI,LOCAL INTRASTATE,HSP-CDL-HLI-GTN-NTD-FKP-KYW-PTR,TRUE,
PRV,83,PRV83,IBRAMPUR-VALPOI via ADVOI,LOCAL INTRASTATE,IBP-VMD-IBX-HAN-SSL-HDS-MNR-KUB-DDM-GBR-GDD-KSP-NNR-ASN-MLG-MTP-VLS-BCH-ZCL-SRX-AHP-VJN-KTK-SKL-SHB-HRV-PNG-PUD-HND-HVD-PSS-SGN-VGR-ADV-MHA-PDL-BIR-SVR-ALM-NNS-BTW-VLP,TRUE,
PRV,84,PRV84,IBRAMPUR-VALPOI via BICHOLIM,LOCAL INTRASTATE,IBP-VMD-IBX-HAN-SSL-HDS-MNR-KUB-DDM-GBR-GDD-KSP-NNR-ASN-MLG-MTP-VLS-BCH-ZCL-SRX-AHP-VJN-KTK-SKL-SHB-HRV-PNG-PUD-HND-HVD-SLI-BUI-KHN-RGT-NGV-VLP,TRUE,
MRG,200,MRG200,KAMORCOND-MARGAO,LOCAL INTRASTATE,KMC-VAG-DBP-SSG-CDT-MRT-DAB-STM-NRO-NRK-KNX-PAZ-SHK-TOR-ANW-SRA-VAZ-TVL-BRB-SBT-BSK-TPC-DVL-PND-DVL-TPC-BSK-SBT-BRB-CDK-AMR-TBR-RAI-RAK-ALE-PWD-FTD-MRG,TRUE,
PNJ,179,PNJ179,KUDCHRE TMP-HRVL SIYA G via SANKHALI,LOCAL INTRASTATE,KDT-KJN-PRY-TML-SKL-SHB-HRV-DVN-HVP-SIA,TRUE,
PRV,234,PRV234,MADEL-MADEL,LOCAL INTRASTATE,MDL-CMR-DGN-SCH-SDT-TKJ-SDT-SCH-DGN-CMR-MDL,TRUE,
PRV,74,PRV74,MADEL-MADEL FERRY,LOCAL INTRASTATE,MDL-SHT-KRM-KBT-BLB-MDR-SCH-DGN-CMR-MDF,TRUE,
PRV,73,PRV73,MADEL-NARVA via SADETIR,LOCAL INTRASTATE,MDL-CMR-DGN-SCH-SDT-TKJ-HTL-NAR,TRUE,
PRV,75,PRV75,MADEL-SAUD SCHOOL,LOCAL INTRASTATE,MDL-SHT-KRM-KBT-BLB-PDD-SUS,TRUE,
PRV,64,PRV64,MAPUSA-AMADI via ALDONA,LOCAL INTRASTATE,MPS-GOC-TAR-SML-MBG-MCL-NHN-NPH-TDE-ALD-BHG-CAR-AMD,TRUE,
PRV,65,PRV65,MAPUSA-AMADI/CALVI via ALDONA,LOCAL INTRASTATE,MPS-GOC-TAR-SML-MBG-MCL-NHN-NPH-TDE-ALD-BHG-CAR-AMC,TRUE,
PNJ,58,PNJ58,MAPUSA-BADEM,LOCAL INTRASTATE,MPS-KHO-DMC-GGT-PSH-KPT-BOB-CST-BDM,TRUE,
PRV,114,PRV114,MAPUSA-BASTODA via GREEN PARK,LOCAL INTRASTATE,MPS-GOC-GPK-SIN-BST,TRUE,
PRV,93,PRV93,MAPUSA-BHUTWADI via PEDNE,LOCAL INTRASTATE,MPS-MCT-DLR-PDM-KWD-CHB-BNN-CVL-MKJ-DHG-KLN-OBG-WLP-WCL-MLP-PDN-MLP-WCL-WLP-BUT,TRUE,
PRV,63,PRV63,MAPUSA-BICHOLIM via ALDONA,LOCAL INTRASTATE,MPS-GOC-TAR-SML-MBG-MCL-NHN-NPH-TDE-ALD-KJB-KJC-POD-PRA-MTK-GKW-MPC-WDY-POL-BCH,TRUE,
PRV,20,PRV20,MAPUSA-BICHOLIM via ASSNODA,LOCAL INTRASTATE,MPS-MCT-DLR-PDM-KWD-MDL-TVI-TGD-CNB-SRL-SCP-CLS-ASN-MLG-MTP-VLS-BCH,TRUE,
PNJ,59,PNJ59,MAPUSA-CALANGUTE via SALIGAO,LOCAL INTRASTATE,MPS-CAN-PRR-TTO-SLG-ARD-DFX-CLX-CLG,TRUE,
PRV,66,PRV66,MAPUSA-CALVI TAR via ALDONA,LOCAL INTRASTATE,MPS-GOC-TAR-SML-MBG-MCL-NHN-NPH-TDE-ALD-BHG-CAR-CLV,TRUE,
PRV,187,PRV187,MAPUSA-CHANDEL,LOCAL INTRASTATE,MPS-MCT-DLR-PDM-KWD-CHB-BNN-CVL-COT-MSR-RVB-RCR-WDI-NMD-NDO-CPE-PNA-OZB-OZR-SGW-TMS-TLR-KHT-BLP-CCX-CDL,TRUE,
PRV,113,PRV113,MAPUSA-DIST. HSPTL via MPS COURT,LOCAL INTRASTATE,MPS-MCT-DHM,TRUE,
PRV,183,PRV183,MAPUSA-DMC COLLAGE via KHORLIM,LOCAL INTRASTATE,MPS-KHO-DMC,TRUE,
PRV,211,PRV211,MAPUSA-FARMAGUDI,SHUTTLE,MPS-PNJ-FMD,TRUE,
PRV,140,PRV140,MAPUSA-FATORDA via PANAJI,SHUTTLE,MPS-PNJ-FTD,TRUE,
PNJ,89,PNJ89,MAPUSA-FATORPA TMP,SHUTTLE,MPS-PNJ-MRG-CUN-BLI-FAT,TRUE,
PRV,67,PRV67,MAPUSA-GOLJUVEM via ALDONA,LOCAL INTRASTATE,MPS-GOC-TAR-SML-MBG-MCL-NHN-NPH-TDE-ALD-KJB-KJC-KJM-GJM,TRUE,
PRV,111,PRV111,MAPUSA-GUDDEM,LOCAL INTRASTATE,MPS-MCT-DLR-XLP-KCL-PNR-SDP-SDC-STP-XWD-SLT-STH-STR-DDO-KGD,TRUE,
PRV,189,PRV189,MAPUSA-HARMAL via PEDNE,LOCAL INTRASTATE,MPS-MCT-DLR-PDM-KWD-CHB-BNN-CVL-MKJ-DHG-KLN-OBG-WLP-WCL-MLP-PDN-PTE-KAT-GOT-KON-DEV-KGO-BWD-HML,TRUE,
PNJ,56,PNJ56,MAPUSA-HARMAL via SIOLIM,LOCAL INTRASTATE,MPS-MCT-DLR-XLP-KCL-SWO-MRN-SIC-SCR-SFX-SIO-CDM-AGA-AGW-ASK-DWD-MDM-JNW-KPD-HML,TRUE,
PRV,115,PRV115,MAPUSA-KAIRAT,LOCAL INTRASTATE,MPS-MCT-DLR-XLP-KCL-TMG-PWH-CHC-CPH-CFR-CTR-VGL-KRT,TRUE,
PRV,69,PRV69,MAPUSA-MADEL via ALDONA,LOCAL INTRASTATE,MPS-GOC-TAR-SML-MBG-MCL-NHN-NPH-TDE-ALD-KJB-KJC-POD-PRA-HLW-MTK-GKW-MPC-BVK-VAI-TKN-SDT-SCH-DVJ-CMR-MDL,TRUE,
PRV,91,PRV91,MAPUSA-MADKAI via DADACHIWADI,LOCAL INTRASTATE,MPS-MCT-DLR-PDM-KWD-CHB-BNN-CVL-MKJ-DDK-DTP-CCA-DDW-SDD-NZR-HRA-OZM-MDK,TRUE,
PRV,101,PRV101,MAPUSA-MANDRE MDMZ via ARABO,LOCAL INTRASTATE,MPS-MCT-DLR-PDM-KWD-CHB-BNN-CVL-MKJ-DHG-SGL-ARB-TUX-TVT-TUE-TBT-TID-TUH-BDW-PTW-SWT-DND-MTW-JNW-MDM,TRUE,
PRV,185,PRV185,MAPUSA-MANDRE MDMZ via ARABO,LOCAL INTRASTATE,MPS-MCT-DLR-PDM-KWD-CHB-BNN-CVL-MKJ-DDK-SGL-ARB-TUX-TVT-TUE-TBT-TID-TUH-BDW-PTW-SCB-NIK-ASK-DWD-MDM,TRUE,
PRV,231,PRV231,MAPUSA-MAPUSA,LOCAL INTRASTATE,MPS-MCT-DLR-XLP-KCL-XLP-DLR-MCT-MPS,TRUE,
PRV,208,PRV208,MAPUSA-MENKURE,LOCAL INTRASTATE,MPS-MCT-DLR-PDM-KWD-CHB-BNN-CVL-COT-MSR-RVB-RCR-WDI-NMD-NNR-CPE-PNA-OZB-MEN,TRUE,
PRV,92,PRV92,MAPUSA-MOP. P.WADA via PEDNE,LOCAL INTRASTATE,MPS-MCT-DLR-PDM-KWD-CHB-BNN-CVL-MKJ-DHG-KLN-OBG-WLP-WCL-MLP-PDN-NBG-SBG-PKD-RBG-UGV-TBS-KRU-MOP-MPW,TRUE,
PRV,191,PRV191,MAPUSA-NETARDE,LOCAL INTRASTATE,MPS-MCT-DLR-PDM-KWD-CHB-BNN-CVL-MKJ-DHG-KLN-PLX-DDX-NZR-PUR-PHP-CVN-BLP-CCX-HSP-CDL-HLI-GTN-NTD,TRUE,
PRV,134,PRV134,MAPUSA-PANAJI MKT,SHUTTLE,MPS-PNJ-MKT,TRUE,
PRV,221,PRV221,MAPUSA-PATRADEVI,LOCAL INTRASTATE,MPS-MCT-DLR-PDM-KWD-CHB-BNN-CVL-MKJ-DHG-KAI-OBG-WLP-WCL-MLP-PDN-NBG-SBG-PKD-RBG-UGV-TBS-TRS-DSK-PTR,TRUE,
PRV,219,PRV219,MAPUSA-PATRADEVI,LOCAL INTRASTATE,MPS-MCT-DLR-PDM-KWD-CHB-BNN-CVL-MKJ-DHG-KLN-PLX-DDX-NZR-WKH-KHJ-PKD-RBG-UGV-TBS-TRS-DSK-PTR,TRUE,
PRV,190,PRV190,MAPUSA-PATRADEVI via KULAN,LOCAL INTRASTATE,MPS-MCT-DLR-PDM-KWD-CHB-BNN-CVL-MKJ-DHG-KLN-PLX-DDX-NZR-PUR-PHP-CVN-BLP-CCX-HSP-CDL-HLI-GTN-NTD-FKP-KYW-PTR,TRUE,
PRV,228,PRV228,MAPUSA-PEDNE,LOCAL INTRASTATE,MPS-MCT-DLR-PDM-KWD-CHB-BNN-CVL-MKJ-DHG-KLN-OBG-WLP-WCL-MLP-PDN,TRUE,
PRV,179,PRV179,MAPUSA-QUITLA,LOCAL INTRASTATE,MPS-GOC-TAR-SML-MBG-MCL-NHN-NPH-PNI-TDE-ALD-KJB-QTL,TRUE,
PRV,178,PRV178,MAPUSA-QUITLA via ALDONA,LOCAL INTRASTATE,MPS-GOC-TAR-SML-MBG-MCL-NHN-NPH-TDE-ALD-KJB-QTL,TRUE,
PNJ,101,PNJ101,MAPUSA-RITE COLAGE,LOCAL INTRASTATE,MPS-GOC-GPK-GRO-PRV-PWK-COP-GUL-TBD-SAI-PNJ-RPT-FRY-RBD-RSC-SPD-BGN-OLD-PMP-COR-DLP-BNS-BHM-KDM-MGS-MDO-PTK-FMD-FCL-PND-DVL-TPC-BSK-SBT-BRB-TVL-VAZ-SRA-RIT,TRUE,
PRV,184,PRV184,MAPUSA-SALVADOR,LOCAL INTRASTATE,MPS-GOC-GPK-SIN-BST-PLY-VDM-KHR-SRO-DWA-QUU-SLV,TRUE,
PNJ,57,PNJ57,MAPUSA-SIOLIM TAR via MARNA,LOCAL INTRASTATE,MPS-MCT-DLR-XLP-KCL-SWO-MRN-SIC-SCR-SFX-SIO-STH-STR,TRUE,
PRV,145,PRV145,MAPUSA-TEREKHOL,LOCAL INTERSTATE,MPS-MCT-DLR-XLP-KCL-SWO-MRN-SIC-SCR-SFX-SIO-CDM-AGA-AGW-ASK-DWD-MMZ-JNX-KPD-HML-PLY-KIR-ARX-ARX-RDI-TMT-TRE,TRUE,
PRV,18,PRV18,MAPUSA-VALPOI via BICHOLIM,LOCAL INTRASTATE,MPS-MCT-DLR-PDM-KWD-MDL-TVI-TGD-CNB-SRL-SCP-CLS-ASN-MLG-MTP-VLS-BCH-ZCL-SRX-AHP-VJN-KTK-SKL-SHB-HRV-PNG-PUD-HND-HVD-SLI-BUI-KHN-RGT-NGV-VLP,TRUE,
PRV,68,PRV68,MAPUSA-VARPAL via ALDONA,LOCAL INTRASTATE,MPS-GOC-TAR-SML-MBG-MCL-NHN-NPH-TDE-ALD-KJB-KJC-POD-PRA-MTK-GKW-MPC-KUM-BVK-VAI-TKJ-HTL-VRP,TRUE,
PRV,207,PRV207,MAPUSA-ZOLAMBE,LOCAL INTERSTATE,MPS-MCT-DLR-PDM-KWD-CHB-BNN-CVL-MKJ-DHG-KLN-PLX-DDX-NZR-PUR-PHP-CVN-BLP-CCX-HLI-HSP-KMW-PDY-KLX-UGD-ALK-BWD-NRE-AMB-ZLP-ZLB,TRUE,
PNJ,199,PNJ199,MARCEL-SAVAI,LOCAL INTRASTATE,MRC-TSL-BTH-BTK-GHN-SVI,TRUE,
PNJ,39,PNJ39,MARCEL-VOLVOI via BETKI,LOCAL INTRASTATE,MRC-TSL-BTH-BTK-GHN-SVI-STB-VLV,TRUE,
MRG,359,MRG359,MARGAO- AVALI -YEDA,LOCAL INTRASTATE,MRG-MRK-NVY-DRM-CNX-DDI-PZK-CUN-DMN-BLI-BNO-GOD-PDI-PSM-PKO-GLM-CST-CNC-PSN-SMT-BPL-NVD-SNR-KRV-GAO-ZIL-STO-MNE-AVM-AVI-YDA,TRUE,
MRG,340,MRG340,MARGAO- DABE,LOCAL INTRASTATE,MRG-MRK-NVY-DRM-CNX-DDI-PZK-CUN-DMN-BLI-CTT-FTR-VNT-GAL-KNB-MLA-MPR-DBE,TRUE,
MRG,348,MRG348,MARGAO-ASALI,LOCAL INTRASTATE,MRG-MRK-NVY-DRM-CNX-DDI-PZK-CUN-DMN-BLI-BNO-GOD-PDI-PSM-PKO-GLM-CST-CNC-PSN-SMT-SRI-ASI,TRUE,
MRG,151,MRG151,MARGAO-BELGAO,LOCAL INTERSTATE,MRG-PND-SKL-BGM,TRUE,
MRG,159,MRG159,MARGAO-BELGAO,LOCAL INTERSTATE,MRG-MRK-RVD-DNK-GDI-PRD-QPM-TMO-CUR-BDL-KRP-CDT-DHB-DTR-MLM-GBR-ANM-KNP-PRW-BGR-BGM,TRUE,
MRG,153,MRG153,MARGAO-BELGAO,LOCAL INTERSTATE,MRG-PND-MRC-SKL-CBD-JBT-CBT,TRUE,
MRG,157,MRG157,MARGAO-BELGAO,LOCAL INTERSTATE,MRG-FTD-BRI-PND-USG-DHB-DTR-MLM-GBR-ANM-KNP-PRW-BGR-BGM,TRUE,
MRG,152,MRG152,MARGAO-BELGAO,LOCAL INTERSTATE,MRG-PND-MRC-SKL-BGM,TRUE,
MRG,137,MRG137,MARGAO-BELGAVI CBT,LOCAL INTERSTATE,MRG-FTD-BRI-PND-USG-KTB-SKL-KRI-JMD-BDR-CRL-CKI-KKB-BTN-AMT-JBT-PRW-BGR-CBT,TRUE,
PNJ,130,PNJ130,MARGAO-BELGAVI CBT,LOCAL INTERSTATE,MRG-FTD-BRI-PND-USG-KTB-SKL-PRY-KRI-JMD-BDR-CRL-CKI-KKB-BTN-AMT-JBT-PRW-BGR-CBT,TRUE,
MRG,134,MRG134,MARGAO-BELGAVI CBT,LOCAL INTERSTATE,MRG-MRK-RVF-DNK-GDI-PRD-QPM-TMO-CUR-BDL-KRP-CDT-DHB-USG-KTB-SKL-KRI-JMD-BDR-CRL-CKI-KKB-BTN-AMT-JBT-PRW-BGR-CBT,TRUE,
MRG,125,MRG125,MARGAO-BELGAVI CBT via ANMOD,LOCAL INTERSTATE,MRG-FTD-BRI-PND-USG-DHB-DTR-MLM-GBR-ANM-TNG-RMN-LND-GNJ-KNP-PRW-BGR-CBT,TRUE,
MRG,124,MRG124,MARGAO-BELGAVI CBT via CURCHOREM,LOCAL INTERSTATE,MRG-MRK-RVF-DNK-GDI-PRD-QPM-TMO-CUR-BDL-KRP-CDT-DHB-DTR-MLM-GBR-ANM-TNG-RMN-LND-GNJ-KNP-PRW-BGR-CBT,TRUE,
MRG,53,MRG53,MARGAO-BETUL via CUNCOLIM,LOCAL INTRASTATE,MRG-MRK-NVY-DRM-CNX-DDI-PZK-CUN-BVS-MRD-BGA-VMK-VLM-BRD-MXB-BTX-BTL,TRUE,
MRG,24,MRG24,MARGAO-BICHOLIM,LOCAL INTRASTATE,MRG-NUV-RMD-ANL-SNL-VRN-PRN-TTN-CPL-TTN-BRX-FZT-CRT-AGS-PLR-NUR-VNR-MTO-AZS-CRM-PET-KRL-OLD-PMP-COR-DLP-BNS-TBG-TVR-MRC-KDL-AMN-SEZ-NVT-NVY-KDN-GTN-SKL-KTK-KPH-KRA-SRV-SRX-ZCL-BCH,TRUE,
MRG,90,MRG90,MARGAO-C.K.T.,LOCAL INTRASTATE,MRG-MRK-NVY-CKT,TRUE,
MRG,306,MRG306,MARGAO-CAB-DE-RAM,LOCAL INTRASTATE,MRG-MRK-NVY-DRM-CNX-DDI-PZK-CUN-DMN-BLI-BNO-GOD-PDI-PSM-PKO-GLM-CST-CNC-CST-DBG-DUM-AGD-PNN-KRS-PRM-SLR-KMO-VAG-MTV-MLO-GAR-CAB,TRUE,
MRG,39,MRG39,MARGAO-CAB-DE-RAM via FATORPA,LOCAL INTRASTATE,MRG-MRK-NVY-DRM-CNX-DDI-PZK-CUN-DMN-BLI-CTT-FTR-DBX-QTO-NQR-KNG-NUE-MLO-GOO-CBC-CAB,TRUE,
MRG,28,MRG28,MARGAO-CANACONA,LOCAL INTRASTATE,MRG-MRK-NVY-DRM-CNX-DDI-PZK-CUN-DMN-BLI-CTT-FTR-DBX-QTO-NQR-KNG-NUE-MLO-GNP-MTM-SRT-VAG-KMO-SLR-PRM-KRS-PNN-AGD-DUM-DBG-CST-CNC,TRUE,
MRG,27,MRG27,MARGAO-CANACONA,LOCAL INTRASTATE,MRG-MRK-NVY-DRM-CNX-CNN-BMD-SDM-NSI-ASD-AMB-VMK-VLM-BRD-MXB-BTX-BTL-KNG-NUE-MLO-GNP-MTM-SRT-VAG-KMO-SLR-PRM-KRS-PNN-AGD-DUM-DBG-CST-CNC,TRUE,
MRG,26,MRG26,MARGAO-CANACONA via CUNCOLIM,LOCAL INTRASTATE,MRG-MRK-NVY-DRM-CNX-DDI-PZK-CUN-DMN-BLI-BNO-GOD-PDI-PSM-PKO-GLM-CST-CNC,TRUE,
MRG,303,MRG303,MARGAO-CHIPLEM,LOCAL INTRASTATE,MRG-MRK-NVY-DRM-CNX-DDI-PZK-CUN-DMN-BLI-BNO-GOD-PDI-PSM-PKO-GLM-CST-CNC-SRI-MKD-BPL-AFD-GKM-SDX-MTH-TLP-GTP-BAG-MHW-PGN-CHP,TRUE,
MRG,102,MRG102,MARGAO-CIPLA via CORTALIM,LOCAL INTRASTATE,MRG-NUV-RMD-ANL-SNL-VRN-PRN-TTN-BRX-FZT-CRT-FZT-BRX-TTN-CPL,TRUE,
MRG,101,MRG101,MARGAO-CIPLA via VERNA,LOCAL INTRASTATE,MRG-NUV-RMD-ANL-SNL-VRN-PRN-TTN-CPL,TRUE,
MRG,148,MRG148,MARGAO-COLLEM via PONDA,LOCAL INTRASTATE,MRG-FTD-PWD-ALE-RAK-RAI-TBR-AMR-CDK-BRB-SBT-BSK-TPC-DVL-PND-UBZ-CUT-KND-CWS-HLX-NST-MRF-USG-SUG-DHB-TTD-SKT-DTR-MLM-NVW-MTD-CLM,TRUE,
MRG,88,MRG88,MARGAO-CORTALIM via TITAN,LOCAL INTRASTATE,MRG-NUV-RMD-ANL-SNL-VRN-PRN-TTN-BRX-FZT-CRT,TRUE,
MRG,308,MRG308,MARGAO-CUNCOLIM,LOCAL INTRASTATE,MRG-MRK-NVY-DRM-CNX-DDI-PZK-PTH-VRO-MDW-GGO-TLV-TMR-VRO-SVC-CUN,TRUE,
MRG,22,MRG22,MARGAO-CURCHOREM,LOCAL INTRASTATE,MRG-MRK-PJF-APH-RVF-MEL-GNP-LPI-DNK-PBT-GDI-CTA-PRD-QAM-GRG-QPM-QCT-TMO-TNK-KAK-BSI-CUR,TRUE,
MRG,78,MRG78,MARGAO-CURCHOREM,LOCAL INTRASTATE,MRG-MRK-NVY-DRM-CNX-DDI-PZK-CUN-DMN-BLI-ADS-AND-SGT-ABL-IGM-QPM-QCT-TMO-TNK-KAK-BSI-CUR,TRUE,
MRG,110,MRG110,MARGAO-CURCHOREM,SHUTTLE,MRG-CUR,TRUE,
MRG,329,MRG329,MARGAO-CURCHOREM,LOCAL INTRASTATE,MRG-MRK-PJF-APH-RVF-MEC-GNP-LPI-DNK-PBT-GDI-CTA-PRD-QPM-QCT-TMO-TNK-KAK-BSI-CUR,TRUE,
MRG,23,MRG23,MARGAO-CURCHOREM via GUIRDOLIM,LOCAL INTRASTATE,MRG-BOR-CLC-SON-MAN-CTM-CRC-TMB-MCZ-RNB-GRD-CTT-ASD-XLN-ODR-VRA-ACR-CUR,TRUE,
MRG,21,MRG21,MARGAO-CURCHOREM via QUEPEM,LOCAL INTRASTATE,MRG-MRK-PJF-APH-RVF-MEL-GNP-LPI-DNK-PBT-GDI-CTA-PRD-QPM-QCT-TMO-TNK-KAK-BSI-CUR,TRUE,
MRG,91,MRG91,MARGAO-DIKARPAL,LOCAL INTRASTATE,MRG-MRK-NVY-DKP,TRUE,
MRG,93,MRG93,MARGAO-DON KHURIS via PAJIFOND,LOCAL INTRASTATE,MRG-MRK-PJF-APH-RVF-MEL-GNP-LPI-DNK,TRUE,
MRG,92,MRG92,MARGAO-DRMAPUR SCH,LOCAL INTRASTATE,MRG-MRK-NVY-DRM-DSC,TRUE,
MRG,105,MRG105,MARGAO-FMD ENG CLG via PONDA,LOCAL INTRASTATE,MRG-FTD-PWD-ALE-RAK-RAI-TBR-AMR-CDK-BRB-SBT-BSK-TPC-DVL-PND-FCL-FMD-ENG,TRUE,
MRG,155,MRG155,MARGAO-GADAG,LOCAL INTERSTATE,MRG-FTD-BRI-PND-USG-DHB-DTR-MLM-GBR-ANM-KNP-BDI-ALN-DHW-HBL-HNK-GDG,TRUE,
MRG,89,MRG89,MARGAO-GOA UNVRSTY via CORTALIM,LOCAL INTRASTATE,MRG-NUV-RMD-ANL-SNL-VRN-PRN-TTN-BRX-FZT-CRT-AGS-PLR-GVL-SRD-BWS-GMC-GUN,TRUE,
MRG,162,MRG162,MARGAO-GOAUNVERSIT,SHUTTLE,MRG-GUN,TRUE,
MRG,123,MRG123,MARGAO-GOKARNA via KARWAR,MANUAL LOCAL INTERSTATE,MRG-MRK-CUN-BLI-PSM-CNC-SRI-MKD-BPL-AFD-PTG-PMT-PGN-KRY-MXN-DPT-LOL-XLM-PBR-MZL-SDG-KRW-AWS-ANK-MND-DVN-GKN,TRUE,
MRG,344,MRG344,MARGAO-GOKULDE,LOCAL INTRASTATE,MRG-MRK-NVY-DRM-CNX-DDI-PZK-CUN-DMN-BLI-BNO-GOD-PDI-PSM-BCE-SHL-GOK,TRUE,
MRG,140,MRG140,MARGAO-GSPCB via CORTALIM,SHUTTLE,MRG-VRN-CRT-PNJ-GSB,TRUE,
MRG,70,MRG70,MARGAO-GUIRDOLIM via AKSHEM,LOCAL INTRASTATE,MRG-BOR-CLC-SON-MAN-CTM-CRC-ASH-ZIT-ZRE-GRD,TRUE,
MRG,69,MRG69,MARGAO-GUIRDOLIM via MACAZAN,LOCAL INTRASTATE,MRG-BOR-CLC-SON-MAN-CTM-CRC-TMB-MCZ-RNB-GRD,TRUE,
MRG,10,MRG10,MARGAO-HARBOUR via BIRLA,LOCAL INTRASTATE,MRG-NUV-RMD-ANL-SNL-VRN-PRN-TTN-KMN-MTS-UPN-ZAN-ZAR-BRL-MEL-DBM-AIR-VDY-CHC-VDM-SPY-VSD-SDA-HRB,TRUE,
MRG,126,MRG126,MARGAO-HUBALI via ANMOD,LOCAL INTERSTATE,MRG-FTD-BRI-PND-USG-DHB-DTR-MLM-GBR-ANM-TNG-RMN-KBR-NGL-TKT-GDL-ALN-DHW-HBL,TRUE,
MRG,136,MRG136,MARGAO-HUBALI via CHORLA,LOCAL INTERSTATE,MRG-FTD-BRI-PND-USG-VDK-AMU-KTM-SUL-NHV-KDN-SKL-PRY-KRI-JMD-BDR-CRL-CKI-KKB-BTN-AMT-JBT-KNP-BDI-ALN-DHW-HBL,TRUE,
MRG,156,MRG156,MARGAO-HUBLI via ANMOD,LOCAL INTERSTATE,MRG-FTD-BRI-PND-USG-DHB-DTR-MLM-GBR-ANM-KNP-BDI-ALN-DHW-HBL,TRUE,
MRG,345,MRG345,MARGAO-INDRAWADO,LOCAL INTRASTATE,MRG-MRK-NVY-DRM-CNX-DDI-PZK-CUN-DMN-BLI-BNO-GOD-PDI-PSM-PKO-GLM-CST-CNC-SRI-MKD-BPL-BTG-NEW-KRV-GAO-INW,TRUE,
MRG,65,MRG65,MARGAO-KALAY,LOCAL INTRASTATE,MRG-MRK-PJF-APH-RVF-MEL-GNP-LPI-DNK-PBT-GDI-CTA-PRD-QPM-QCT-TMO-TNK-KAK-BSI-CUR-SVD-DDE-GDN-GDM-PRU-AUD-DNM-KLY,TRUE,
MRG,66,MRG66,MARGAO-KALAY,LOCAL INTRASTATE,MRG-BOR-CLC-SON-MAN-CTM-CRC-TMB-MCZ-RNB-GRD-CTT-ASD-XLN-ODR-VRA-ACR-CUR-SVD-DDE-GDN-GDM-PRU-AUD-DNM-KLY,TRUE,
MRG,198,MRG198,MARGAO-KALAY,LOCAL INTRASTATE,MRG-MRK-PJF-APH-RVF-MEL-GNP-LPI-DNK-PBT-GDI-CTA-PRD-QPM-QCT-TMO-TNK-KAK-BSI-CUR-SJL-CCP-GPC-SGC-SGD-MAS-SGM-AMD-CNM-APR-COS-DUI-KUT-KLY,TRUE,
MRG,85,MRG85,MARGAO-KAMORCOND,LOCAL INTRASTATE,MRG-FTD-PWD-ALE-RAK-RAI-TBR-AMR-CDK-BRB-TVL-VAZ-SRA-ANW-TOR-SHK-PAZ-KNX-NRK-NRO-STM-DAB-MRT-CDT-SSG-DBP-VAG-KMC,TRUE,
MRG,190,MRG190,MARGAO-KARWAR,MANUAL LOCAL INTERSTATE,MRG-KRW,TRUE,
MRG,121,MRG121,MARGAO-KARWAR via CANACONA,LOCAL INTERSTATE,MRG-MRK-NVY-DRM-CNX-DDI-PZK-CUN-DMN-BLI-BNO-GOD-PDI-PSM-PKO-GLM-CST-CNC-SRI-MKD-BPL-AFD-PTG-PMT-PGN-KRY-MSM-DPT-LOL-XLM-PBR-MZL-SDG-KRW,TRUE,
MRG,338,MRG338,MARGAO-KELVONA,LOCAL INTRASTATE,MRG-MRK-PJF-APH-RVF-MEL-GNP-LPI-DNK-PBT-GDI-CTA-PRD-QPM-QCT-TMO-SOM-SVO-ZMB-RVC-RVN-CLO-KVN,TRUE,
MRG,366,MRG366,MARGAO-KHADDE,LOCAL INTRASTATE,MRG-MRK-NVY-DRM-CNX-DDI-PZK-CUN-DMN-BLI-BNO-KDE,TRUE,
MRG,32,MRG32,MARGAO-KHARGAL,LOCAL INTRASTATE,MRG-MRK-NVY-DRM-CNX-DDI-PZK-CUN-DMN-BLI-BNO-GOD-PDI-PSM-PKO-GLM-CST-CNC-SRI-MKD-BPL-AFD-GKM-SDX-MTH-TLP-GTP-BAG-MHW-PGN-CHP-KHG,TRUE,
MRG,31,MRG31,MARGAO-KHARGAL,LOCAL INTRASTATE,MRG-MRK-NVY-DRM-CNX-DDI-PZK-CUN-DMN-BLI-BNO-GOD-PDI-PSM-PKO-GLM-CST-CNC-SRI-MKD-BPL-AFD-PTG-PMT-PGN-CHP-BWT-KHG,TRUE,
MRG,351,MRG351,MARGAO-KHOLA,LOCAL INTRASTATE,MRG-MRK-NVY-DRM-CNX-DDI-PZK-CUN-DMN-BLI-BNO-GOD-PDI-PSM-PKO-GLM-CST-CNC-CST-DBG-DUM-PNN-PRM-SLR-VAG-KOA,TRUE,
MRG,364,MRG364,MARGAO-KHOTIGAO,LOCAL INTRASTATE,MRG-MRK-NVY-DRM-CNX-DDI-PZK-CUN-DMN-BLI-BNO-GOD-PDI-PSM-PKO-GLM-CST-CNC-SRI-MKD-BPL-BTG-NEW-KRV-GAO-ZIL-STO-MAE-KTG,TRUE,
MRG,135,MRG135,MARGAO-KOLHAPUR,LOCAL INTERSTATE,MRG-FTD-BRI-PND-USG-KTB-SKL-KRI-JMD-BDR-CRL-CKI-KKB-BTN-AMT-JBT-PRW-BGR-CBT-HTG-SKN-NPN-KGL-IDC-KLP,TRUE,
MRG,158,MRG158,MARGAO-KOLHAPUR,MANUAL LOCAL INTERSTATE,MRG-FTD-BRI-PND-USG-DHB-DTR-MLM-GBR-ANM-KNP-PRW-BGR-BGM-HTG-SKN-NPN-KGL-IDC-KLP,TRUE,
MRG,128,MRG128,MARGAO-KOLHAPUR via BELGAVI CBT,LOCAL INTERSTATE,MRG-FTD-BRI-PND-USG-DHB-DTR-MLM-GBR-ANM-TNG-RMN-LND-GNJ-KNP-PRW-BGR-CBT-HTG-SKN-NPN-KMH-KGL-IDC-KLP,TRUE,
MRG,129,MRG129,MARGAO-KOLHAPUR via SAWANTWADI,LOCAL INTERSTATE,MRG-TTN-CRT-PLR-GMC-PNJ-TBD-GUL-PRV-GRI-MPS-KWD-CVL-DHG-PDN-SBG-PKD-UGV-TRS-PTR-BND-SWD-AKR-ZRP-KUD-PDR-ORS-KSL-OSR-KNV-HUM-NAN-TRL-VBW-GGB-SVN-KLE-RNK-KLP,TRUE,
VSD,20,VSD20,MARGAO-KUDCHRE TMP,LOCAL INTRASTATE,MRG-FTD-PWD-ALE-RAI-RAK-TBR-AMR-CDK-BRB-SBT-BSK-TPC-DVL-PND-FCL-FMD-PTK-MDO-MGS-KDM-BHM-BNS-TBG-TVR-MRC-KDL-AMN-SEZ-NVT-NHV-KDN-GTN-SKL-KTK-VJN-AHP-SRX-ZCL-BCH-VTD-VTI-DGW-KDT,TRUE,
MRG,29,MRG29,MARGAO-KUSKEM,LOCAL INTRASTATE,MRG-MRK-NVY-DRM-CNX-DDI-PZK-CUN-DMN-BLI-BNO-GOD-PDI-PSM-PKO-GLM-CST-CNC-SRI-MKD-BPL-AFD-PTG-PMT-PGN-KRY-MSM-DPT-MSM-KRY-PGN-WLC-SHV-CAM-TIR-DAB-AVM-YDA-KSK,TRUE,
MRG,30,MRG30,MARGAO-KUSKEM,LOCAL INTRASTATE,MRG-MRK-NVY-DRM-CNX-DDI-PZK-CUN-DMN-BLI-BNO-GOD-PDI-PSM-PKO-GLM-CST-CNC-SRI-MKD-BPL-AFD-PTG-KMY-SHV-CAM-TIR-DAB-AVM-YDA-KSK,TRUE,
MRG,302,MRG302,MARGAO-KUSKEM,LOCAL INTRASTATE,MRG-MRK-NVY-DRM-CNX-DDI-PZK-CUN-DMN-BLI-BNO-GOD-PDI-PSM-PKO-GLM-CST-CNC-SRI-MKD-BPL-AFD-PTG-PMT-PGN-KRY-MSM-DPT-MSM-KRY-PGN-WLC-SHV-CAM-TIR-DBE-AVM-YDA-KSK,TRUE,
MRG,349,MRG349,MARGAO-LOLIEM- PEDDE,LOCAL INTRASTATE,MRG-MRK-NVY-DRM-CNX-DDI-PZK-CUN-DMN-BLI-BNO-GOD-PDI-PSM-PKO-GLM-CST-CNC-PSN-VDK-BPL-AFD-PTG-PGN-MSM-DPT-LOL-PEE,TRUE,
MRG,138,MRG138,MARGAO-MACAZAN,LOCAL INTRASTATE,MRG-BOR-CLC-SON-MAN-CTM-CRC-TMB-MCZ,TRUE,
MRG,132,MRG132,MARGAO-MALVAN via MALEWAD,LOCAL INTERSTATE,MRG-TTN-CRT-PLR-GMC-PNJ-GUL-PRV-MPS-KWD-CVL-DHG-WLP-PDN-NBG-SBG-STD-STL-AST-KDR-MWD-WMD-FRC-GDE-NVI-NWD-MGR-MBZ-SWD-AKR-ZRP-UDN-SRM-KUD-JKT-TKW-NPR-KLS-DMP-GDV-GDW-CKE-AZG-AKN-KMB-MLV,TRUE,
MRG,186,MRG186,MARGAO-MANDOPA CROSS,LOCAL INTRASTATE,MRG-BBD-PJF-RVF-MGU-OPH-MDI-MNC,TRUE,
MRG,164,MRG164,MARGAO-MANGAL,LOCAL INTRASTATE,MRG-MRK-PJF-PWH-RVF-MEL-GNP-LPI-DNK-PBT-GDI-CTA-PRD-QPM-QCT-TMO-SOM-SVO-ZMB-RVC-RVN-CLO-KVN-UGK-DON-SLC-CZR-DVR-VCR-VCX-NTL-JKM-MFG-MNP-MLN,TRUE,
MRG,168,MRG168,MARGAO-MANGAL,LOCAL INTRASTATE,MRG-MRK-PJF-PWH-RVF-MEL-GNP-LPI-DNK-PBT-GDI-CTA-PRD-QPM-QCT-TMO-SOM-SVO-ZMB-RVC-RVN-CLO-KVN-CVT-CVR-NVY-CRP-VCR-NTL-JKM-MFG-MNP-MLN,TRUE,
MRG,163,MRG163,MARGAO-MATIMOL,LOCAL INTRASTATE,MRG-MRK-NVY-DRM-CNX-DDI-PZK-CUN-DMN-BLI-BNO-GOD-PDI-PSM-PKO-GLM-CST-CNC-CST-DBG-DUM-AGD-PNN-KRS-PRM-SLR-KMO-VAG-SRT-MTM,TRUE,
MRG,350,MRG350,MARGAO-MATVEMOL,LOCAL INTRASTATE,MRG-MRK-NVY-DRM-CNX-DDI-PZK-CUN-DMN-BLI-BNO-GOD-PDI-PSM-PKO-GLM-CST-CNC-CST-DBG-DUM-AGD-PNN-KRS-PRM-SLR-KMO-VAG-SRT-MTL,TRUE,
MRG,197,MRG197,MARGAO-MIRAJ,LOCAL INTERSTATE,MRG-TTN-CRT-PLR-GMC-PNJ-TBD-GUL-PRV-GRI-MPS-KWD-CVL-DHG-PDN-SBG-PKD-UGV-TRS-PTR-BND-SWD-AKR-ZRP-KUD-PDR-ORS-KSL-OSR-KNV-HUM-NAN-TRL-VBW-GGB-SVN-KLE-RNK-KLP-HTK-JSP-MRJ,TRUE,
MRG,130,MRG130,MARGAO-MIRAJ via RADHANAGRI,MANUAL LOCAL INTERSTATE,MRG-TTN-CRT-PLR-GMC-PNJ-TBD-GUL-PRV-GRI-MPS-KWD-CVL-DHG-PDN-SBG-PKD-UGV-TRS-PTR-BND-SWD-AKR-ZRP-KUD-PDR-ORS-KSL-OSR-KNV-FDG-DJP-RDN-BOG-VSN-RNK-KLP-HTK-JSP-SNG-MRJ,TRUE,
MRG,64,MRG64,MARGAO-MOLKOPON,LOCAL INTRASTATE,MRG-MRK-PJF-APH-RVF-MEL-GNP-LPI-DNK-PBT-GDI-CTA-PRD-QPM-QCT-TMO-SOM-SVO-ZMB-RVC-RVN-MKR-BNE-MKP,TRUE,
MRG,59,MRG59,MARGAO-MOLLEM,LOCAL INTRASTATE,MRG-MRK-PJF-APH-RVF-MEL-GNP-LPI-DNK-PBT-GDI-CTA-PRD-QPM-QCT-TMO-TNK-KAK-BSI-CUR-SVD-DDE-GDN-GDM-PRU-BDL-BDP-SVG-KAR-VDN-SHG-ABD-CLM-MTD-NVW-MLM,TRUE,
MRG,83,MRG83,MARGAO-MOLLEM via PONDA,LOCAL INTRASTATE,MRG-FTD-PWD-ALE-RAK-RAI-TBR-AMR-CDK-BRB-SBT-BSK-TPC-DVL-PND-UBZ-CUT-KND-CWS-HLX-NST-MRF-USG-SUG-DHB-DHA-SKT-DTR-MLM,TRUE,
MRG,194,MRG194,MARGAO-MOPA AIRPORT,MANUAL EV INTRASTATE,MRG-PNJ-MPS-GOX,TRUE,
MRG,95,MRG95,MARGAO-MPT HOSPTL,LOCAL INTRASTATE,MRG-MPT,TRUE,
MRG,357,MRG357,MARGAO-MUDKUD,LOCAL INTRASTATE,MRG-MRK-NVY-DRM-CNX-DDI-PZK-CUN-DMN-BLI-BNO-GOD-PDI-PSM-PKO-GLM-CST-CNC-CST-DBG-DUM-VAD-PNN-HLC-MKU,TRUE,
MRG,60,MRG60,MARGAO-NETURLIM,LOCAL INTRASTATE,MRG-MRK-PJF-APH-RVF-MEL-GNP-LPI-DNK-PBT-GDI-CTA-PRD-QPM-QCT-TMO-TNK-KAK-BSI-CUR-SJL-CCP-GPC-SGC-SGD-MAS-SGM-PGM-UGE-DSW-VLK-BAR-BHT-MLK-VLN-VLS-VDC-PRT-HNT-VCX-NTL,TRUE,
MRG,193,MRG193,MARGAO-OLD GOA,SHUTTLE,MRG-OLD,TRUE,
MRG,341,MRG341,MARGAO-PALLOLEM,LOCAL INTRASTATE,MRG-MRK-NVY-DRM-CNX-DDI-PZK-CUN-DMN-BLI-BNO-GOD-PDI-PSM-PKO-GLM-CST-CNC-CWI-PSE-PAT-PLM,TRUE,
MRG,337,MRG337,MARGAO-PALOLEM BEACH,LOCAL INTRASTATE,MRG-MRK-NVY-DRM-CNX-DDI-PZK-CUN-DMN-BLI-BNO-GOD-PDI-PSM-PKO-GLM-CST-CNC-PSL-PAT-PLM,TRUE,
MRG,5,MRG5,MARGAO-PANAJI,LOCAL INTRASTATE,MRG-FTD-PWD-ALE-RAK-RAI-TBR-AMR-CDK-BRB-SBT-BSK-TPC-DVL-PND-UBZ-CUT-KND-CWS-HLX-NST-MRF-USG-KEL-KYK-UGO-BMI-PLE-BKD-ULG-SUL-DIG-SNS-STK-AJT-SLY-CRW-HND-PUD-PNG-HRV-SHB-SKL-KTK-VJN-AHP-SRX-ZCL-BCH-VLS-MTP-MLG-ASN-CLS-SCP-SRL-CNB-TGD-TVI-MDL-KWD-PDM-DLR-MCT-MPS-GOC-GPK-GRO-PRV-PWK-COP-GUL-TBD-SAI-PNJ,TRUE,
MRG,3,MRG3,MARGAO-PANAJI,LOCAL INTRASTATE,MRG-FTD-PWD-ALE-RAK-RAI-LAK-LTM-ANG-RAS-RDK-KOS-CPW-THN-CRT-AGS-PLR-GVL-SRD-BWS-GMC-STX-PNJ,TRUE,
MRG,2,MRG2,MARGAO-PANAJI via CANSAULIM,LOCAL INTRASTATE,MRG-NUV-MJC-RLX-MJD-UTD-ARO-CNS-VEL-VLB-DTM-UPN-SCL-STJ-SBI-CTX-CRT-AGS-PLR-GVL-SRD-BWS-GMC-STX-PNJ,TRUE,
VSD,38,VSD38,MARGAO-PANAJI via CANSAULIM,LOCAL INTRASTATE,MRG-NUV-MJC-RLX-MJD-UTD-ARO-CNS-VEL-VLB-DTM-UPN-SCL-STJ-SBI-CRT-CTX-AGS-PLR-GVL-SRD-BWS-GMC-STX-PNJ,TRUE,
MRG,1,MRG1,MARGAO-PANAJI via CORTALIM,LOCAL INTRASTATE,MRG-NUV-RMD-ANL-SNL-VRN-PRN-TTN-BRX-FZT-CRT-AGS-PLR-GVL-SRD-BWS-GMC-STX-PNJ,TRUE,
MRG,4,MRG4,MARGAO-PANAJI via PONDA,LOCAL INTRASTATE,MRG-FTD-PWD-ARL-RAK-RAI-TBR-AMR-CDK-BRB-SBT-BSK-TPC-DVL-PND-FCL-FMD-PTK-MDO-MGS-KDM-BHM-BNS-DLP-COR-PMP-OLD-BGN-SPD-RSC-RBD-FRY-RPT-PNJ,TRUE,
MRG,365,MRG365,MARGAO-PARTGAL-KUSKEM,LOCAL INTRASTATE,MRG-MRK-NVY-DRM-CNX-DDI-PZK-CUN-DMN-BLI-BNO-GOD-PDI-PSM-PKO-GLM-CST-CNC-SRI-MKD-BPL-AFD-PTG-WLC-SHV-CAM-DAE-MAE-AVA-YDA-KSK,TRUE,
MRG,67,MRG67,MARGAO-PIRLA,LOCAL INTRASTATE,MRG-MRK-PJF-APH-RVF-MEL-GNP-LPI-DNK-PBT-GDI-CTA-PRD-QPM-IGM-ABL-TKR-KPR-CVR-ZLA-MAN-VTO-PIR,TRUE,
MRG,305,MRG305,MARGAO-POIGUINI,LOCAL INTRASTATE,MRG-MRK-NVY-DRM-CNX-DDI-PZK-CUN-DMN-BLI-BNO-GOD-PDI-PSM-PKO-GLM-CST-CNC-SRI-MKD-BPL-AFD-PTG-PMT-PGN,TRUE,
MRG,142,MRG142,MARGAO-POLLEM via CANACONA,LOCAL INTRASTATE,MRG-MRK-NVY-DRM-CNX-DDI-PZK-CUN-DMN-BLI-BNO-GOD-PDI-PSM-PLK-GLM-CST-CNC-SRI-MKD-BPL-AFD-PTG-PMT-PGN-KRY-MXN-DPT-LOL-XLM-PLL,TRUE,
MRG,19,MRG19,MARGAO-PONDA,LOCAL INTRASTATE,MRG-FTD-PWD-ALE-RAK-RAI-TBR-AMR-CDK-BRB-SBT-BSK-TPC-DVL-PND,TRUE,
MRG,18,MRG18,MARGAO-PONDA via TITAN,LOCAL INTRASTATE,MRG-NUV-RMD-ANL-SNL-VRN-PRN-TTN-CPL-TTN-BRX-THN-CPW-KOS-RDK-RAS-ANG-LTM-CDK-BRB-SBT-BSK-TPC-DVL-PND,TRUE,
MRG,36,MRG36,MARGAO-POPAIDANDO,LOCAL INTRASTATE,MRG-MRK-NVY-DRM-CNX-DDI-PZK-CUN-DMN-BLI-BNO-GOD-PDI-PSM-PKO-GLM-CST-CNC-CST-DBG-DUM-AGD-PNN-KRS-PRM-SLR-KMO-VAG-MTV-SOL-PPD,TRUE,
MRG,35,MRG35,MARGAO-RAJBAG,LOCAL INTRASTATE,MRG-MRK-NVY-DRM-CNN-DDI-PZK-CUN-DMN-BLI-BNO-GOD-PDI-PSM-PKO-GLM-CST-CNC-PSL-RJB,TRUE,
PNJ,100,PNJ100,MARGAO-RITE COLAGE,LOCAL INTRASTATE,MRG-FTD-PWD-ALE-RAI-RAK-TBR-AMR-CDK-BRB-TVL-VAZ-SRA-RIT,TRUE,
MRG,98,MRG98,MARGAO-SAL,LOCAL INTRASTATE,MRG-FTD-PWD-ALE-RAK-RAI-TBR-AMR-CDK-BRB-SBT-BSK-TPC-DVL-PND-UBZ-CUT-KND-CWS-HLX-NST-MRF-USG-KEL-KYK-UGO-BMI-KTX-KTM-STY-SUL-NHO-MSZ-NVY-KDN-GTN-SKL-KTK-VJN-AHP-SRX-ZCL-BCH-LKR-VAN-CHK-LDF-GDD-KSP-VVL-SAL,TRUE,
MRG,61,MRG61,MARGAO-SALJINI,LOCAL INTRASTATE,MRG-MRK-PJF-APH-RVF-MEL-GNP-LPI-DNK-PBT-GDI-CTA-PRD-QPM-QCT-TMO-TNK-KAK-BSI-CUR-SJL-CCP-GPC-SGC-SGD-MAS-SGM-PGM-UGE-DSW-VLK-BAR-BHT-MLK-VLN-VLS-VDC-PRT-HNT-VCX-NTL-TDV-VRL-SJN,TRUE,
MRG,363,MRG363,MARGAO-SANGUEM,LOCAL INTRASTATE,MRG-MRK-PJF-APH-RVF-MEL-GNP-LPI-DNK-PBT-GDI-CTA-PRD-QPM-QCT-TMO-TNK-KAK-BSI-CUR-SJL-CCP-GPC-SGC-SGD-MAS-SGM,TRUE,
MRG,84,MRG84,MARGAO-SAVAI,LOCAL INTRASTATE,MRG-FTD-PWD-ALE-RAK-RAI-TBR-AMR-CDK-BRB-SBT-BSK-TPC-DVL-PND-UBZ-CUT-APE-KAR-ARL-VKR-VKH-SDH-CHW-VRM-VLV-STB-SVI,TRUE,
PRV,222,PRV222,MARGAO-SAVAI,LOCAL INTRASTATE,MRG-NUV-RMD-ANL-SNL-VRN-PRN-TTN-CPL-TTN-BRX-THN-CPW-KOS-RDK-RAS-ANG-LTM-CDK-BRB-SBT-BSK-TPC-DVL-PND-UBZ-CUT-APE-KAR-ARL-VKR-VKH-SDH-CHW-VRM-VLV-STB-SVI,TRUE,
MRG,131,MRG131,MARGAO-SAWANTWADI via PATRADEVI,LOCAL INTERSTATE,MRG-NUV-RMD-ANL-SNL-VRN-PRN-TTN-BRX-FZT-CRT-AGS-PLR-GVL-SRD-BWS-GMC-STX-PNJ-SAI-TBD-GUL-COP-PWK-PRV-GRO-GPK-GOC-MPS-MCT-DLR-PDM-KWD-CHB-BNN-CVL-MKJ-DHG-KLN-OBG-WLP-WCL-MLP-PDN-NBG-SBG-PKD-RBG-UGV-TBS-TRS-DSK-PTR-BND-KDW-XFL-MNN-SWD,TRUE,
MRG,360,MRG360,MARGAO-SDXL-POIGINI,LOCAL INTRASTATE,MRG-MRK-NVY-DRM-CNX-DDI-PZK-CUN-DMN-BLI-BNO-GOD-PDI-PSM-PKO-GLM-CST-CNC-SRI-MKD-BPL-AFD-GKM-SDX-MTH-TLP-GTP-BAG-MHW-PGN,TRUE,
MRG,147,MRG147,MARGAO-SECRETERIAT,SHUTTLE,MRG-SET,TRUE,
MRG,20,MRG20,MARGAO-SHIRODA,LOCAL INTRASTATE,MRG-FTD-PWD-ALE-RAK-RAI-TBR-AMR-CDK-BRB-TVL-VAZ-SRA,TRUE,
MRG,355,MRG355,MARGAO-SHRISTAL,LOCAL INTRASTATE,MRG-MRK-NVY-DRM-CNX-DDI-PZK-CUN-DMN-BLI-BNO-GOD-PDI-PSM-PKO-GLM-CST-CNC-PSN-SMT-BPL-AFD-PTG-SRI,TRUE,
MRG,63,MRG63,MARGAO-SULCORNA,LOCAL INTRASTATE,MRG-MRK-PJF-APH-RVF-MEL-GNP-LPI-DNK-PBT-GDI-CTA-PRD-QPM-QCT-TMO-SOM-SVO-ZMB-RVC-RVN-CLO-KVN-UGX-DON-SLC,TRUE,
MRG,113,MRG113,MARGAO-TALEWADE via CUNCOLIM,LOCAL INTRASTATE,MRG-MRK-NVY-DRM-CNX-DDI-PZK-CUN-SVC-VRO-TLV,TRUE,
MRG,34,MRG34,MARGAO-TIRVAN,LOCAL INTRASTATE,MRG-MRK-NVY-DRM-CNX-DDI-PZK-CUN-DMN-BLI-BNO-GOD-PDI-PSM-PKO-GLM-CST-CNC-SRI-MKD-BPL-AFD-PTG-PMT-PGN-IDD-BUR-TRN,TRUE,
MRG,358,MRG358,MARGAO-TISCON,LOCAL INTRASTATE,MRG-MRK-NVY-DRM-CNX-DDI-PZK-CUN-DMN-BLI-BNO-GOD-PDI-PSM-PKO-GLM-CST-CNC-GLE-PLK-PSM-BCE-SHL-GOK-TSC,TRUE,
MRG,33,MRG33,MARGAO-TUDAL,LOCAL INTRASTATE,MRG-MRK-NVY-DRM-CNX-DDI-PZK-CUN-DMN-BLI-BNO-GOD-PDI-PSM-PKO-GLM-CST-CNC-SRI-MKD-BPL-BTG-NEW-KRV-GAO-INW-BUI-TDL,TRUE,
MRG,362,MRG362,MARGAO-UGUEM,LOCAL INTRASTATE,MRG-MRK-PJF-APH-RVF-MEL-GNP-LPI-DNK-PBT-GDI-CTA-PRD-QPM-QCT-TMO-TNK-KAK-BSI-CUR-SJL-CCP-GPC-SGC-SGD-MAS-SGM-PGM-UGE,TRUE,
MRG,62,MRG62,MARGAO-VADE COLONY,LOCAL INTRASTATE,MRG-MRK-PJF-APH-RVF-MEL-GNP-LPI-DNK-PBT-GDI-CTA-PRD-QPM-QCT-TMO-SOM-SVO-ZMB-RVC-RVN-CLO-KVN-UGX-DON-SLC-DVR-CZR-VCR-VCX-NTL-HNT-PRT-VDC,TRUE,
MRG,353,MRG353,MARGAO-VAIZAWADA,LOCAL INTRASTATE,MRG-MRK-NVY-DRM-CNX-DDI-PZK-CUN-DMN-BLI-BNO-GOD-PDI-PSM-PKO-GLM-CST-CNC-PSN-SMT-SRI-VZW,TRUE,
MRG,38,MRG38,MARGAO-VAL,LOCAL INTRASTATE,MRG-MRK-NVY-DRM-CNX-DDI-PZK-CUN-DMN-BLI-CTT-FTR-DBX-QTO-NQR-KNG-NUE-MLO-GNP-MTM-SRT-VAG-KMO-SLR-PRM-KRS-PNN-AGD-VAL,TRUE,
MRG,37,MRG37,MARGAO-VAL,LOCAL INTRASTATE,MRG-MRK-NVY-DRM-CNX-DDI-PZK-CUN-DMN-BLI-BNO-GOD-PDI-PSM-PKO-GLM-CST-CNC-CST-DBG-DUM-AGD-VAL,TRUE,
MRG,25,MRG25,MARGAO-VALPOI,LOCAL INTRASTATE,MRG-FTD-PWD-ALE-RAK-RAI-TBR-AMR-CDK-BRB-SBT-BSK-TPC-DVL-PND-UBZ-CUT-KND-CWS-HLX-NST-MRF-USG-KEL-KYK-UGO-NNS-ABS-GAN-KKR-GLL-DMH-KTD-BRT-KHD-SVR-ALM-NNS-BTW-VLP,TRUE,
MRG,109,MRG109,MARGAO-VASCO,SHUTTLE,MRG-VSD,TRUE,
MRG,7,MRG7,MARGAO-VASCO via BIRLA,LOCAL INTRASTATE,MRG-NUV-RMD-ANL-SNL-VRN-PRN-TTN-KMN-MTS-UPN-ZAN-ZAR-BRL-MEL-DBM-AIR-VDY-CHC-VDM-SPY-VSD,TRUE,
MRG,8,MRG8,MARGAO-VASCO via CANSAULIM,LOCAL INTRASTATE,MRG-NUV-MJC-RLX-MJD-UTD-ARO-CNS-VEL-VLB-DTM-UPN-ZAN-ZAR-BRL-MEL-DBM-AIR-VDY-CHC-VDM-SPY-VSD,TRUE,
VSD,46,VSD46,MARGAO-VASCO via CIPLA,LOCAL INTRASTATE,MRG-NUV-RMD-ANL-SNL-VRN-PRN-TTN-CPL-TTN-BRX-THN-CRT-SCL-SCV-ZRE-ZUY-DBL-CHC-VDM-SPY-VSD,TRUE,
MRG,6,MRG6,MARGAO-VASCO via CORTALIM,LOCAL INTRASTATE,MRG-NUV-RMD-ANL-SNL-VRN-PRN-TTN-BRX-THN-CRT-SCL-SCV-ZRE-ZUY-DBL-CHC-VDM-SPY-VSD,TRUE,
MRG,54,MRG54,MARGAO-VELIM MKT via CUNCOLIM,LOCAL INTRASTATE,MRG-MRK-NVY-DRM-CNX-DDI-PZK-CUN-BVS-MRD-BGA-VMK,TRUE,
MRG,94,MRG94,MARGAO-VELSAO B/S via MAJORDA,LOCAL INTRASTATE,MRG-NUV-MJC-RLX-MJD-UTD-ARO-CNS-VEL-VLB,TRUE,
MRG,97,MRG97,MARGAO-VOILE DHAVE,LOCAL INTRASTATE,MRG-FTD-PWD-ALE-RAK-RAI-TBR-AMR-CDK-BRB-SBT-BSK-TPC-DVL-PND-UBZ-CUT-KND-CWS-HLX-NST-MRF-USG-KEL-KYK-UGO-NNS-ABS-GAN-KKR-GLL-DMH-KTD-BRT-KHD-SVR-ALM-NNS-BTW-VLP-SNC-NGO-DHV-VDH,TRUE,
PRV,224,PRV224,MARGAO-VOLVOI,LOCAL INTRASTATE,MRG-NUV-RMD-ANL-SNL-VRN-PRN-TTN-CPL-TTN-BRX-THN-CPW-KOS-RDK-RAS-ANG-LTM-CDK-BRB-SBT-BSK-TPC-DVL-PND-UBZ-CUT-APE-KAR-ARL-VKR-VKH-SDH-CHW-VRM-VLV,TRUE,
PNJ,205,PNJ205,MARITA BAKR-MARITA BAKR,LOCAL INTRASTATE,MBR-DWR-DVS-CNT-SPD-CNT-DVS-DWR-MBR,TRUE,
PNJ,206,PNJ206,MARITA BAKR-ST.PEDRO,LOCAL INTRASTATE,MBR-DWR-DVS-CNT-SPD,TRUE,
PRV,143,PRV143,MHADAI-MORLLEM via HONDA,LOCAL INTRASTATE,MHA-ADV-VGR-SGN-PSS-HVD-HND-GBB-ARV-MOR-MLE-PRY,TRUE,
MRG,71,MRG71,MOLKOPON-DON BOSCO via RIVONA,LOCAL INTRASTATE,MKP-BNE-MKR-RVN-CLO-KVN-UGX-DON,TRUE,
VSD,88,VSD88,MORJI TEMPLE-MANDRE MDMZ,LOCAL INTRASTATE,MJI-MSC-MJM-NEW-ASV-MDM,TRUE,
VSD,86,VSD86,MORJI TMPLE-MANDRE MDMZ,LOCAL INTRASTATE,MDU-MSC-MJM-NEW-ASV-MDM,TRUE,
PRV,109,PRV109,MORJIM-HARMAL via SAWANTWADA,LOCAL INTRASTATE,MJM-MSC-MDU-BCX-KNI-CDM-AGA-AGW-NIK-SCB-PTW-SWT-DND-MTW-JNW-AGR-HML,TRUE,
PNJ,190,PNJ190,OLD GOA CHURCH-ELA FARM,LOCAL INTRASTATE,OLD-ELF,TRUE,
PNJ,191,PNJ191,OLD GOA CHURCH-PINTO GARAGE,LOCAL INTRASTATE,OLD-PIN,TRUE,
PNJ,85,PNJ85,OLD GOA FRY-NARVA FERRY via MALAR,LOCAL INTRASTATE,OLF-MDD-DWR-MLR-NSC-NRV,TRUE,
MRG,352,MRG352,PANAJI -CURCHOREM,LOCAL INTRASTATE,PNJ-FBT-PNJ-RPT-FRY-RBD-RSC-SPD-BGN-OLD-PMP-COR-DLP-BNS-BHM-KDM-MGS-MDO-PTK-FMD-FCL-PND-DVL-TPC-BSK-SBT-BRB-TVL-VAZ-SRA-DBL-MNK-VZL-AMI-PAW-PTM-DAM-MAP-CAP-SVD-CUR,TRUE,
PNJ,36,PNJ36,PANAJI MKT-AKHADA via MARCEL,LOCAL INTRASTATE,MKT-FBT-PNJ-RPT-FRY-RBD-RSC-SPD-BGN-OLD-PMP-COR-DLP-BNS-TBG-TVR-MRC-TNC-KMJ-STE-AKD,TRUE,
PNJ,46,PNJ46,PANAJI MKT-AMTHANE,LOCAL INTRASTATE,MKT-FBT-PNJ-SAI-TBD-GUL-COP-PWK-PRV-GRO-GPK-GOC-MPS-MCT-DLR-PDM-KWD-MDL-TVI-TGD-CNB-SRL-SCP-CLS-ASN-MLG-MTP-VLS-BCH-VLS-MGW-AMS-ASN-MOI-JMD-SMN-ADP-KLJ-PNA-OZB-MEN-ATN,TRUE,
PNJ,54,PNJ54,PANAJI MKT-BADEM via MAPUSA,LOCAL INTRASTATE,MKT-FBT-PNJ-SAI-TBD-GUL-COP-PWK-PRV-GRO-GPK-GRO-MPS-KHO-DMC-GGT-PSH-KPT-BOB-CST-BDM,TRUE,
PRV,117,PRV117,PANAJI MKT-BASTODA via MAPUSA,LOCAL INTRASTATE,MKT-FBT-PNJ-SAI-TBD-GUL-COP-PWK-PRV-GRO-GPK-GOC-MPS-TAR-BST,TRUE,
PNJ,63,PNJ63,PANAJI MKT-CODLI TISK via PONDA,LOCAL INTRASTATE,MKT-FBT-PNJ-RPT-FRY-RBD-RSC-SPD-BGN-OLD-PMP-COR-DLP-BNS-BHM-KDM-MGS-MDO-PTK-FMD-FCL-PND-YRD-SMR-BTD-BTI-BVP-CHF-GUR-NRK-NRO-STM-DAB-MRT-CDT,TRUE,
PNJ,37,PNJ37,PANAJI MKT-CUPA via MARCEL,LOCAL INTRASTATE,MKT-FBT-PNJ-RPT-FRY-RBD-RSC-SPD-BGN-OLD-PMP-COR-DLP-BNS-TBG-TVR-MRC-TNC-STE-CPA,TRUE,
PNJ,15,PNJ15,PANAJI MKT-CURCHOREM via PONDA,EV INTRASTATE,MKT-FBT-PNJ-RPT-FRY-RBD-RSC-SPD-BGN-OLD-PMP-COR-DLP-BNS-BHM-KDM-MGS-MDO-PTK-FMD-FCL-PND-DVL-TPC-BSK-SBT-BRB-TVL-VAZ-SRA-DBL-MNK-VZL-AMI-PAW-PTM-DAM-MAP-CAP-SVD-CUR,TRUE,
PRV,58,PRV58,PANAJI MKT-GOLJUVEM,LOCAL INTRASTATE,MKT-FBT-PNJ-SAI-TBD-GUL-COP-PWK-PRV-GRO-GPK-GOC-MPS-GOC-TAR-SML-MBG-MCL-NHN-NPH-TDE-ALD-KJB-KJC-KJM-GJM,TRUE,
PRV,88,PRV88,PANAJI MKT-HALARNA via KULAN,LOCAL INTRASTATE,MKT-FBT-PNJ-SAI-TBD-GUL-COP-PWK-PRV-GRO-GPK-GOC-MPS-MCT-DLR-PDM-KWD-CHB-BNN-CVL-MKJ-DHG-KLN-PLX-DDX-NZR-PUR-PHP-CVN-BLP-KHT-TTM-TMS-BRW-AFT-HLR,TRUE,
PRV,87,PRV87,PANAJI MKT-HANKHANE via KULAN,LOCAL INTRASTATE,MKT-FBT-PNJ-SAI-TBD-GUL-COP-PWK-PRV-GRO-GPK-GOC-MPS-MCT-DLR-PDM-KWD-CHB-BNN-CVL-MKJ-DHG-KLN-PLX-DDX-NZR-PUR-PHP-CVN-BLP-CCX-HLI-HSP-HSF-HAN,TRUE,
PRV,116,PRV116,PANAJI MKT-KAIRAT via MAPUSA,LOCAL INTRASTATE,MKT-FBT-PNJ-SAI-TBD-GUL-COP-PWK-PRV-GRO-GPK-GOC-MPS-MCT-DLR-XLP-KCL-TMG-PWH-CHC-CPH-CFR-CTR-VGL-KRT,TRUE,
PRV,106,PRV106,PANAJI MKT-KERI,LOCAL INTRASTATE,MKT-FBT-PNJ-SAI-TBD-GUL-COP-PWK-PRV-GRO-GPK-GOC-MPS-MCT-DLR-XLP-KCL-SWO-MRN-SIC-SCR-SFX-SIO-CDM-AGA-AGW-ASK-DWD-MMZ-JNX-KPD-HML-PLY-KIR-KTE-KRX-KPY-KRI,TRUE,
PRV,53,PRV53,PANAJI MKT-MAPUSA via SUCCURRO,LOCAL INTRASTATE,MKT-FBT-PNJ-MLI-VIR-BTO-TRD-PTN-SRO-KHR-VDM-DKN-PLY-GPK-GOC-MPS,TRUE,
PNJ,113,PNJ113,PANAJI MKT-MARGAO via CORTALIM,LOCAL INTRASTATE,MKT-FBT-PNJ-STX-GMC-BWS-SRD-GVL-PLR-AGS-CRT-FZT-BRX-TTN-PRN-VRN-SNL-ANL-RMD-NUV-MRG,TRUE,
PNJ,162,PNJ162,PANAJI MKT-MENKURE,LOCAL INTRASTATE,MKT-FBT-PNJ-SAI-TBD-GUL-COP-PWK-PRV-GRO-GPK-GOC-MPS-MCT-DLR-PDM-KWD-CHB-BNN-CVL-COT-MSR-RVB-RCR-WDI-NMD-NNR-CPE-PNA-OZB-MEN,TRUE,
PRV,32,PRV32,PANAJI MKT-NANELI via MARCEL,LOCAL INTRASTATE,MKT-FBT-PNJ-RPT-FRY-RBD-RSC-SPD-BGN-OLD-PMP-COR-DLP-BNS-TBG-TVR-MRC-KDL-AMN-SEZ-NVT-NHV-KDN-GTN-SKL-SHB-HRV-PNG-PUD-HND-HVD-SLI-BUI-KHN-RGT-NGV-VLP-SNC-NGO-BMK-NNL,TRUE,
PNJ,175,PNJ175,PANAJI MKT-NEURA via OLD GOA,LOCAL INTRASTATE,MKT-FBT-PNJ-RPT-FRY-RBD-RSC-SPD-BGN-OLD-KRL-PET-CRM-AZS-MTO-VNR-NUR,TRUE,
PRV,166,PRV166,PANAJI MKT-PEDNE via PANAJI,SHUTTLE,MKT-PNJ-PDN,TRUE,
PNJ,108,PNJ108,PANAJI MKT-PONDA,SHUTTLE,MKT-PNJ-PND,TRUE,
PNJ,71,PNJ71,PANAJI MKT-PONDA via KUNDAI,LOCAL INTRASTATE,MKT-FBT-PNJ-RPT-FRY-RBD-RSC-SPD-BGN-OLD-PMP-COR-DLP-BNS-BHM-KDM-GTB-MBP-MRW-KNL-NML-RMT-KVL-DKM-TLM-DBT-API-AGP-ASM-AGP-API-DBT-TLM-DKM-KPL-PTS-PND,TRUE,
PNJ,61,PNJ61,PANAJI MKT-SHIRSHIRE via PONDA,LOCAL INTRASTATE,MKT-FBT-PNJ-RPT-FRY-RBD-RSC-SPD-BGN-OLD-PMP-COR-DLP-BNS-BHM-KDM-MGS-MDO-PTK-FMD-FCL-PND-DVL-TPC-KLM-SRS,TRUE,
PNJ,68,PNJ68,PANAJI MKT-TAMDI SURLA via PONDA,LOCAL INTRASTATE,MKT-FBT-PNJ-RPT-FRY-RBD-RSC-SPD-BGN-OLD-PMP-COR-DLP-BNS-BHM-KDM-MGS-MDO-PTK-FMD-FCL-PND-UBZ-CUT-KND-CWS-HLX-NST-MRF-USG-SUG-DHB-TSI-UDS-SCD-NVE-KUM-AGL-MGE-BKR-TAY-DRG-TMD,TRUE,
PRV,177,PRV177,PANAJI MKT-TORSHE,LOCAL INTRASTATE,MKT-FBT-PNJ-SAI-TBD-GUL-COP-PWK-PRV-GRO-GPK-GOC-MPS-MCT-DLR-PED-KWD-CHB-BNN-CVL-MKJ-DHG-KLN-OBG-WLP-WCL-MLP-PDN-NBG-SBG-PKD-KHJ-WKH-KHJ-PKD-RBG-UGV-TBS-TRS,TRUE,
PRV,21,PRV21,PANAJI MKT-USTE via MAPUSA,LOCAL INTRASTATE,MKT-FBT-PNJ-SAI-TBD-GUL-COP-PWK-PRV-GRO-GPK-GOC-MPS-MCT-DLR-PDM-KWD-MDL-TVI-TGD-CNB-SRL-SCP-CLS-ASN-MLG-MTP-VLS-BCH-ZCL-SRX-AHP-VJN-KTK-SKL-SHB-HRV-PNG-PUD-HND-HVD-SLI-BUI-KHN-RGT-NGV-VLP-SNT-NGO-DHV-VDH-UST,TRUE,
PRV,12,PRV12,PANAJI MKT-VALPOI,LOCAL INTRASTATE,MKT-FBT-PNJ-RPT-FRY-RBD-RSC-SPD-BGN-OLD-PMP-COR-DLP-BNS-TBG-TVR-MRC-KDL-AMN-SEZ-NVT-NHV-KDN-GTN-SKL-SHB-HRV-PNG-PUD-HND-HVD-PSS-SGN-VGR-ADV-MHA-PDL-BIR-SVR-ALM-NNS-BTW-VLP,TRUE,
PRV,225,PRV225,PANAJI MKT-VASCO,LOCAL INTRASTATE,MKT-FBT-PNJ-STX-GMC-BWS-SRD-GVL-PLR-AGS-CRT-SCL-SCV-ZRE-ZUY-DBM-CHC-VDM-SPY-VSD,TRUE,
PRV,121,PRV121,PANAJI MKT-VIJAYDURGA via MARDOL,LOCAL INTRASTATE,MKT-FBT-PNJ-RPT-FRY-RBD-RSC-SPD-BGN-OLD-PMP-COR-DLP-BNS-BHM-KDM-MGS-MDO-LXT-HLT-PIO-SWV-APE-KAR-ARL-VJD,TRUE,
PNJ,32,PNJ32,PANAJI MKT-VIRDI,LOCAL INTRASTATE,MKT-FBT-PNJ-SAI-TBD-GUL-COP-PWK-PRV-GRO-GPK-GOC-MPS-MCT-DLR-PDM-KWD-MDL-TVI-TGD-CNB-SRL-SCP-CLS-ASN-MLG-MTP-VLS-BCH-ZCL-SRX-SRV-KRA-KPH-KTK-SKL-DWD-KRZ-VRD,TRUE,
PRV,34,PRV34,PANAJI-ADVOI via MARCEL,LOCAL INTRASTATE,PNJ-RPT-FRY-RBD-RSC-SPD-BGN-OLD-PMP-COR-DLP-BNS-TBG-TVR-MRC-KDL-AMN-SEZ-NVT-NHV-KDN-GTN-SKL-SHB-HRV-PNG-PUD-HND-HVD-SLI-BUI-KHN-RGT-NGV-VLP-BTW-NNS-ALM-SVR-BIR-PDL-MHA-ADV,TRUE,
PNJ,51,PNJ51,PANAJI-AGARWADA,LOCAL INTRASTATE,PNJ-SAI-TBD-GUL-COP-PWK-PRV-GRO-GPK-GOC-MPS-MCT-DLR-PDM-KWD-CHB-BNN-CVL-MKJ-DDK-SGL-ARB-TUX-TVT-TUE-TBT-TID-TUH-KDK-PRE-PMD-PCH-AGW,TRUE,
PRV,62,PRV62,PANAJI-AMADI via MAPUSA,LOCAL INTRASTATE,PNJ-SAI-TBD-GUL-COP-PWK-PRV-GRO-GPK-GOC-MPS-GOC-TAR-SML-MBG-MCL-NHN-NPH-TDE-ALD-BHG-CAR-AMD,TRUE,
PNJ,111,PNJ111,PANAJI-AMONA PNCHY via MAPUSA,LOCAL INTRASTATE,PNJ-SAI-TBD-GUL-COP-PWK-PRV-GRO-GPK-GOC-MPS-MCT-DLR-PDM-KWD-MDL-TVI-TGD-CNB-SRL-SCP-CLS-ASN-MLG-MTP-VLS-BCH-ZCL-SRX-AHP-VJN-KTK-SKL-GTN-KDN-NVY-SEZ-AMN-AMP,TRUE,
PNJ,47,PNJ47,PANAJI-AMTHANE,LOCAL INTRASTATE,PNJ-SAI-TBD-GUL-COP-PWK-PRV-GRO-GPK-GOC-MPS-MCT-DLR-PDM-KWD-CHB-BNN-CVL-COT-MSR-RVB-RCR-WDI-NMD-NDO-CPE-PNA-OZB-MEN-ATN,TRUE,
VSD,18,VSD18,PANAJI-ANSOLEM via MARCEL,LOCAL INTRASTATE,PNJ-RPT-FRY-RBD-RSC-SPD-BGN-OLD-PMP-COR-DLP-BNS-TBG-TVR-MRC-KDL-AMN-SEZ-NVT-NHV-KDN-GTN-SKL-SHB-HRV-PNG-PUD-HND-HVD-PSS-SGN-VGR-ADV-MHA-PDL-BIR-SVR-ALM-NNS-BTW-VLP-BTW-NNS-ALM-ANS,TRUE,
PRV,97,PRV97,PANAJI-ASHVE,LOCAL INTRASTATE,PNJ-SAI-TBD-GUL-COP-PWK-PRV-GRO-GPK-GOC-MPS-MCT-DLR-PDM-KWD-CHB-BNN-CVL-MKJ-DDK-SGL-ARB-TUX-TUM-VND-VRT-WLP-WCL-MLP-PDN-TUH-BDW-PTW-SCB-NIK-ASK-DWD-MMZ-ASV,TRUE,
PNJ,176,PNJ176,PANAJI-AZOSHI,LOCAL INTRASTATE,PNJ-PTO-MNS-SCM-STX-GMC-BWS-SRD-GVL-PLR-NUR-VNR-MTO-AZS,TRUE,
PNJ,124,PNJ124,PANAJI-BADAMI via ANMOD,LOCAL INTERSTATE,PNJ-OLD-BNS-KDM-PND-USG-DHB-DTR-MLM-GBR-ANM-TNG-RMN-LND-GNJ-KNP-PRW-BGR-CBT-NSG-YGT-SLL-LPR-KLT-GDR-VYG-NGR-BGK-SRR-GGD-BDA,TRUE,
PNJ,123,PNJ123,PANAJI-BADAMI via CHORLA,LOCAL INTERSTATE,PNJ-TBD-GUL-PRV-GRI-MPS-DLR-KWD-TVI-SRL-ASN-MGO-BCH-SKL-PRY-KRI-JMD-BDR-CRL-CKI-KKB-BTN-AMT-JBT-PRW-BGR-CBT-NSG-YGT-SLL-LPR-KLT-GDR-VYG-NGR-BGK-SRR-GGD-BDA,TRUE,
PRV,118,PRV118,PANAJI-BADEM via MAPUSA,LOCAL INTRASTATE,PNJ-SAI-TBD-GUL-COP-PWK-PRV-GRO-GPK-GOC-MPS-KHO-DMC-GGT-PSH-KPT-BOB-CST-BDM,TRUE,
PRV,127,PRV127,PANAJI-BAMBOLI W/S,LOCAL INTRASTATE,PNJ-STX-GMC-BWS,TRUE,
PNJ,197,PNJ197,PANAJI-BANDA,EV INTERSTATE,PNJ-SAI-TBD-GUL-COP-PWK-PRV-GRO-GPK-GOC-MPS-MCT-DLR-PDM-KWD-CHB-BNN-CVL-MKJ-DHG-KLN-OBG-WLP-WCL-MLP-PDN-NBG-SBG-STD-STS-RWD-MDV-TTH-SOO-SHR-CHK-BND,TRUE,
PNJ,125,PNJ125,PANAJI-BELGAVI CBT via ANMOD,LOCAL INTERSTATE,PNJ-OLD-BNS-KDM-PND-USG-DHB-DTR-MLM-GBR-ANM-TNG-RMN-LND-GNJ-KNP-PRW-BGR-CBT,TRUE,
PNJ,121,PNJ121,PANAJI-BELGAVI CBT via CHORLA,LOCAL INTERSTATE,PNJ-TBD-GUL-PRV-GRI-MPS-DLR-KWD-TVI-SRL-ASN-MGO-BCH-SKL-PRY-KRI-JMD-BDR-CRL-CKI-KKB-BTN-AMT-JBT-PRW-BGR-CBT,TRUE,
PNJ,120,PNJ120,PANAJI-BELGAVI CBT via SAWANTWADI,MANUAL LOCAL INTERSTATE,PNJ-TBD-GUL-PRV-GRI-MPS-KWD-CVL-DHG-PDN-SBG-PKD-UGV-TRS-PTR-BND-SWD-DNL-ABO-AJF-KNR-BDK-CHX-NGN-HLK-PTF-TRW-SHN-BGR-CBT,TRUE,
PRV,129,PRV129,PANAJI-BETUL,LOCAL INTRASTATE,PNJ-STX-GMC-BWS-SRD-GVL-PLR-AGS-CRT-FZT-BRX-TTN-PRN-VRN-SNL-ANL-RMD-NUV-MRG-MRK-NVY-DRM-CNX-CNN-BMD-SDM-NSI-ASL-AMB-VMK-VLM-BRD-MXB-BTX-BTL,TRUE,
PRV,48,PRV48,PANAJI-BHATWADI TK,LOCAL INTRASTATE,PNJ-SAI-TBD-GUL-COP-PWK-PRV-GRO-GPK-GOC-MPS-MCT-DLR-PDM-KWD-MDL-TVI-TGD-CNB-SRL-SCP-CLS-ASN-MLG-MTP-VLS-BCH-ZCL-SRX-AHP-VJN-KTK-SKL-TML-PRY-TME-POI-DUS-DWD-RAV-VAT-TAL-BHA,TRUE,
PRV,35,PRV35,PANAJI-BHIRONDA,LOCAL INTRASTATE,PNJ-RPT-FRY-RBD-RSC-SPD-BGN-OLD-PMP-COR-DLP-BNS-TBG-TVR-MRC-KDL-AMN-SEZ-NVT-NHV-KDN-GTN-SKL-SHB-HRV-PNG-PUD-HND-HVD-PSS-SGN-VGR-ADV-MHA-BIR,TRUE,
VSD,25,VSD25,PANAJI-BHUTWADI via PEDNE,LOCAL INTRASTATE,PNJ-SAI-TBD-GUL-COP-PWK-PRV-GRO-GPK-GOC-MPS-MCT-DLR-PDM-KWD-CHB-BNN-CVL-MKJ-DHG-KDN-OBG-WLP-WCL-MLP-PDN-MLP-WCL-WLP-BUT,TRUE,
PRV,57,PRV57,PANAJI-BICHOLIM,LOCAL INTRASTATE,PNJ-SAI-TBD-GUL-COP-PWK-PRV-GRO-GPK-GOC-MPS-GOC-TAR-SML-MBG-MCL-NHN-NPH-TDE-ALD-KJB-KJC-POD-PRA-MTK-GKW-MPC-WDY-POL-BCH,TRUE,
PRV,16,PRV16,PANAJI-BICHOLIM via MAPUSA,LOCAL INTRASTATE,PNJ-SAI-TBD-GUL-COP-PWK-PRV-GRO-GPK-GOC-MPS-MCT-DLR-PDM-KWD-MDL-TVI-TGD-CNB-SRL-SCP-CLS-ASN-MLG-MTP-VLS-BCH,TRUE,
PNJ,112,PNJ112,PANAJI-BICHOLIM via MARCEL,LOCAL INTRASTATE,PNJ-RPT-FRY-RBD-RSC-SPD-BGN-OLD-PMP-COR-DLP-BNS-TBG-TVR-MRC-KDL-AMN-SEZ-NVT-NHV-KDN-GTN-SKL-KTK-VJN-AHP-SRX-ZCL-BCH,TRUE,
PNJ,90,PNJ90,PANAJI-BMBOLI IPHB,LOCAL INTRASTATE,PNJ-STX-GMC-BWS-PHB,TRUE,
PNJ,53,PNJ53,PANAJI-CALANGUTE via SANGOLDA,LOCAL INTRASTATE,PNJ-SAI-TBD-GUL-SGP-SGA-BRO-SLG-ARD-DFX-CLX-CLG,TRUE,
PRV,61,PRV61,PANAJI-CALVI TAR via MAPUSA,LOCAL INTRASTATE,PNJ-SAI-TBD-GUL-COP-PWK-PRV-GRO-GPK-GOC-MPS-GOC-TAR-SML-MBG-MCL-NHN-NPH-TDE-ALD-BHG-CAR-CLV,TRUE,
MRG,100,MRG100,PANAJI-CIPLA via CORTALIM,LOCAL INTRASTATE,PNJ-STX-GMC-BWS-SRD-GVL-PLR-AGS-CRT-FZT-BRX-TTN-CPL,TRUE,
MRG,74,MRG74,PANAJI-COLLEM via PONDA,LOCAL INTRASTATE,PNJ-RPT-FRY-RBD-RSC-SPD-BGN-OLD-PMP-COR-DLP-BNS-BHM-KDM-MGS-MDO-PTK-FMD-FCL-PND-UBZ-CUT-KND-CWS-HLX-NST-MRF-USG-SUG-DHB-DHA-SKT-DTR-MLM-DUD-NVW-CLM,TRUE,
PNJ,26,PNJ26,PANAJI-COPARDE via MAPUSA,LOCAL INTRASTATE,PNJ-SAI-TBD-GUL-COP-PWK-PRV-GRO-GPK-GOC-MPS-MCT-DLR-PDM-KWD-MDL-TVI-TGD-CNB-SRL-SCP-CLS-ASN-MLG-MTP-VLS-BCH-ZCL-SRX-AHP-VJN-KTK-SKL-SHB-HRV-PNG-PUD-HND-HVD-SLI-BUI-KHN-RGT-NGV-VLP-VLU-CPR,TRUE,
MRG,77,MRG77,PANAJI-COTTA via MARGAO,LOCAL INTRASTATE,PNJ-STX-GMC-BWS-SRD-GVL-PLR-AGS-CRT-FZT-BRX-TTN-PRN-VRN-SNL-ANL-RMD-NUV-MRG-BOR-CLC-SON-MAN-CTM-CRC-TMB-MCZ-RNB-GRD-CTT,TRUE,
MRG,15,MRG15,PANAJI-CURCHOREM,LOCAL INTRASTATE,PNJ-STX-GMC-BWS-SRD-GVL-PLR-AGS-CRT-FZT-BRX-TTN-PRN-VRN-SNL-ANL-RMD-NUV-MRG-BOR-CLC-SON-MAN-CTM-CRC-TMB-MCZ-RNB-GRD-CTT-ASD-XLN-ODR-VRA-ACR-CUR,TRUE,
MRG,14,MRG14,PANAJI-CURCHOREM via PONDA,LOCAL INTRASTATE,PNJ-RPT-FRY-RBD-RSC-SPD-BGN-OLD-PMP-COR-DLP-BNS-BHM-KDM-MGS-MDO-PTK-FMD-FCL-PND-DVL-TPC-BSK-SBT-BRB-TVL-VAZ-SRA-DBL-MNK-VZL-AMI-PAW-PTM-DAM-MAP-CAP-SVD-CUR,TRUE,
MRG,52,MRG52,PANAJI-DABEM,LOCAL INTRASTATE,PNJ-STX-GMC-BWS-SRD-GVL-PLR-AGS-CRT-FZT-BRX-TTN-PRN-VRN-SNL-ANL-RMD-NUV-MRG-MRK-NVY-DRM-CNX-DDI-PZK-CUN-DMN-BLI-CTT-FTR-VNT-GAL-KNB-MLA-MPR-DBE,TRUE,
PRV,139,PRV139,PANAJI-DFNS COLONY via SAI SERVICE,LOCAL INTRASTATE,PNJ-SAI-TBD-DFC,TRUE,
PRV,50,PRV50,PANAJI-DHUMASHE via ASSNODA,LOCAL INTRASTATE,PNJ-SAI-TBD-GUL-COP-PWK-PRV-GRO-GPK-GOC-MPS-MCT-DLR-PDM-KWD-MDL-TVI-TGD-CNB-SRL-SCP-CLS-ASN-MOI-JMD-SMN-ADP-KLJ-PNA-OZB-MEN-DMS,TRUE,
PNJ,114,PNJ114,PANAJI-DODAMARG,LOCAL INTERSTATE,PNJ-SAI-TBD-GUL-COP-PWK-PRV-GRO-GPK-GOC-MPS-MCT-DLR-PDM-KWD-MDL-TVI-TGD-CNB-SRL-SCP-CLS-ASN-MLG-MTP-VLS-BCH-ZCL-SRX-AHP-VJN-KTK-SKL-TML-PRY-KJN-ACP-MTN-AGO-VZT-GRE-DDM,TRUE,
PNJ,27,PNJ27,PANAJI-DONGURLIM via MAPUSA,LOCAL INTRASTATE,PNJ-SAI-TBD-GUL-COP-PWK-PRV-GRO-GPK-GOC-MPS-MCT-DLR-PDM-KWD-MDL-TVI-TGD-CNB-SRL-SCP-CLS-ASN-MLG-MTP-VLS-BCH-ZCL-SRX-AHP-VJN-KTK-SKL-SHB-HRV-PNG-PUD-HND-HVD-SLI-BUI-KHN-RGT-NGV-VLP-VLU-CPR-HDO-PLE-TNE-CRV-GOL-RVE-DGU,TRUE,
PNJ,28,PNJ28,PANAJI-DONGURLIM via MARCEL,LOCAL INTRASTATE,PNJ-RPT-FRY-RBD-RSC-SPD-BGN-OLD-PMP-COR-DLP-BNS-TBG-TVR-MRC-KDL-AMN-SEZ-NVT-NHV-KDN-GTN-SKL-SHB-HRV-PNG-PUD-HND-HVD-SLI-BUI-KHN-RGT-NGV-VLP-VLU-CPR-HDO-PLE-TNE-CRV-GOL-RVE-DGU,TRUE,
PNJ,98,PNJ98,PANAJI-FMD ENG CLG,LOCAL INTRASTATE,PNJ-RPT-FRY-RBD-RSC-SPD-BGN-OLD-PMP-COR-DLP-BNS-BHM-KDM-MGS-MDO-PTK-FMD-FCL-PND-FCL-FMD-ENG,TRUE,
PNJ,62,PNJ62,PANAJI-GAVNE via PONDA,LOCAL INTRASTATE,PNJ-RPT-FRY-RBD-RSC-SPD-BGN-OLD-PMP-COR-DLP-BNS-BHM-KDM-MGS-MDO-PTK-FMD-FCL-PND-PTS-KPL-DKM-KVL-RMT-NML-GVT-VTM-GVN,TRUE,
PRV,131,PRV131,PANAJI-GOA INTERNA,LOCAL INTRASTATE,PNJ-STX-GMC-GUN-GIN,TRUE,
MRG,99,MRG99,PANAJI-GOA UNVRSTY via BAMBOLI GMC,LOCAL INTRASTATE,PNJ-STX-GMC-GUN,TRUE,
PRV,164,PRV164,PANAJI-GULBARGA,LOCAL INTERSTATE,PNJ-OLD-BNS-KDM-PND-UGO-KTB-SKL-PRY-KRI-JMK-BDR-CRL-CKI-KKB-BTN-AMT-JBT-PRW-BGR-CBT-LPR-NSG-YGT-SLL-MDH-BSW-BPR-HPG-SGI-AML-DGO-AFZ-CPU-GPR-KLB,TRUE,
PRV,89,PRV89,PANAJI-HALARNA,LOCAL INTRASTATE,PNJ-SAI-TBD-GUL-COP-PWK-PRV-GRO-GPK-GOC-MPS-MCT-DLR-PDM-KWD-CHB-BNN-CVL-COT-MSR-RVB-RCR-WDI-NMD-NDO-CPE-PNA-OZB-OZR-SGW-TMS-TLR-BRW-AFT-HLR,TRUE,
PRV,3,PRV3,PANAJI-HARBOUR via CORTALIM,LOCAL INTRASTATE,PNJ-STX-GMC-BWS-SRD-GVL-PLR-AGS-CRT-SCL-SCV-ZRE-ZUY-DBM-CHC-VDM-SPY-VSD-SDA-HRB,TRUE,
PNJ,4,PNJ4,PANAJI-HARBOUR via CORTALIM,LOCAL INTRASTATE,PNJ-STX-GMC-BWS-SRD-GVL-PLR-AGS-CRT-SCL-SCV-ZRE-ZUY-DBL-CHC-VDM-SPY-VSD-SDA-HRB,TRUE,
PRV,103,PRV103,PANAJI-HARMAL,LOCAL INTRASTATE,PNJ-SAI-TBD-GUL-COP-PWK-PRV-GRO-GPK-GOC-MPS-MCT-DLR-XLP-KCL-SWO-MRN-SIC-SCR-SFX-SIO-CDM-AGA-AGW-ASK-NIK-SCB-PTW-SWT-DND-MTW-JNW-AGR-HML,TRUE,
PRV,98,PRV98,PANAJI-HARMAL,LOCAL INTRASTATE,PNJ-SAI-TBD-GUL-COP-PWK-PRV-GRO-GPK-GOC-MPS-MCT-DLR-PDM-KWD-CHB-BNN-CVL-MKJ-DDK-SGL-ARB-TUX-TUM-VND-VRT-WLP-WCL-MLP-PDN-PTE-KAT-GOT-KON-DEV-KGO-BWD-HML,TRUE,
PRV,186,PRV186,PANAJI-HARMAL via ARABO,LOCAL INTRASTATE,PNJ-SAI-TBD-GUL-COP-PWK-PRV-GRO-GPK-GOC-MPS-MCT-DLR-PDM-KWD-CHB-BNN-CVL-MKJ-DDK-SGL-ARB-TUX-TVT-TUE-TBT-TID-TUH-BDW-PTW-SCB-NIK-ASK-DWD-MDM-JNW-KPD-HML,TRUE,
PNJ,55,PNJ55,PANAJI-HARMAL via CALANGUTE,LOCAL INTRASTATE,PNJ-MLI-BTM-BFR-VBK-VRM-VPP-SPM-OPA-SSC-CCH-CDO-CND-JBS-ANT-CLG-POS-ARP-CNG-ANJ-ASG-MNG-SCR-SFX-SIO-CDM-AGA-AGW-ASK-DWD-MDM-JNX-KPD-HML,TRUE,
PRV,99,PRV99,PANAJI-HARMAL via PEDNE,LOCAL INTRASTATE,PNJ-SAI-TBD-GUL-COP-PWK-PRV-GRO-GPK-GOC-MPS-MCT-DLR-PDM-KWD-CHB-BNN-CVL-MKJ-DHG-KLN-OBG-WLP-WCL-MLP-PDN-PTE-KAT-GOT-KON-DEV-KGO-BWD-HML,TRUE,
PRV,29,PRV29,PANAJI-HIVRE,LOCAL INTRASTATE,PNJ-SAI-TBD-GUL-COP-PWK-PRV-GRO-GPK-GOC-MPS-MCT-DLR-PDM-KWD-MDL-TVI-TGD-CNB-SRL-SCP-CLS-ASN-MLG-MTP-VLS-BCH-ZCL-SRX-AHP-VJN-KTK-SKL-SHB-HRV-PNG-PUD-HND-HVD-PSS-SGN-VGR-ADV-MHA-PDL-BIR-SVR-ALM-NNS-BTW-VLP-CRX-HDO-PLI-TNE-CRV-HVR,TRUE,
PRV,28,PRV28,PANAJI-HIVRE via MAPUSA,LOCAL INTRASTATE,PNJ-SAI-TBD-GUL-COP-PWK-PRV-GRO-GPK-GOC-MPS-MCT-DLR-PDM-KWD-MDL-TVI-TGD-CNB-SRL-SCP-CLS-ASN-MLG-MTP-VLS-BCH-ZCL-SRX-AHP-VJN-KTK-SKL-SHB-HRV-PNG-PUD-HND-HVD-SLI-BUI-KHN-RGT-NGV-VLP-CRX-HDO-PLI-TNE-CRV-HVR,TRUE,
PRV,30,PRV30,PANAJI-HIVRE via MARCEL,LOCAL INTRASTATE,PNJ-RPT-FRY-RBD-RSC-SPD-BGN-OLD-PMP-COR-DLP-BNS-TBG-TVR-MRC-KDL-AMN-SEZ-NVT-NHV-KDN-GTN-SKL-SHB-HRV-PNG-PUD-HND-HVD-SLI-BUI-KHN-RGT-NGV-VLP-CRX-HDO-PLI-TNE-CRV-HVR,TRUE,
PRV,209,PRV209,PANAJI-HONDA,EV INTRASTATE,PNJ-RPT-FRY-RBD-RSC-SPD-BGN-OLD-PMP-COR-DLP-BNS-TBG-TVR-MRC-KDL-AMN-SEZ-NVT-NHV-KDN-GTN-SKL-SHB-HRV-PNG-PUD-HND,TRUE,
PRV,210,PRV210,PANAJI-HONDA,EV INTRASTATE,PNJ-SAI-TBD-GUL-COP-PWK-PRV-GRO-GPK-GOC-MPS-MCT-DLR-PDM-KWD-MDL-TVI-TGD-CNB-SRL-SCP-CLS-ASN-MLG-MTP-VLS-BCH-ZCL-SRX-AHP-VJN-KTK-SKL-SHB-HRV-PNG-PUD-HND,TRUE,
PNJ,128,PNJ128,PANAJI-HOSPET via ANMOD,LOCAL INTERSTATE,PNJ-OLD-BNS-KDM-PND-USG-DHB-DTR-MLM-GBR-ANM-TNG-RMN-KBR-NGL-TKT-GDL-ALN-DHW-HBL-ANI-GDG-BNK-TKA-BNP-KOP-GGR-TDM-HPT,TRUE,
PNJ,180,PNJ180,PANAJI-HRVL SIYA G,LOCAL INTRASTATE,PNJ-RPT-FRY-RBD-RSC-SPD-BGN-OLD-PMP-COR-DLP-BNS-TBG-TVR-MRC-KDL-AMN-AMW-VRD-KRZ-DWD-SKL-SHB-HRV-DVN-HVP-SIA,TRUE,
PRV,163,PRV163,PANAJI-HUBALI,LOCAL INTERSTATE,PNJ-TBD-GUL-PRV-GRI-MPS-DLR-KWD-TVI-SRL-ASN-MGO-BCH-SKL-PRY-KRI-JMD-BDR-CRL-CKI-KKB-BTN-AMT-JBT-KNP-BDI-ALN-DHW-HBL,TRUE,
PRV,226,PRV226,PANAJI-HUBALI,MANUAL LOCAL INTERSTATE,PNJ-HBL,TRUE,
PNJ,127,PNJ127,PANAJI-HUBALI via ANMOD,LOCAL INTERSTATE,PNJ-OLD-BNS-KDM-PND-USG-DHB-DTR-MLM-GBR-ANM-TNG-RMN-KBR-NGL-TKT-GDL-ALN-DHW-HBL,TRUE,
PRV,85,PRV85,PANAJI-IBRAMPUR via ASSNODA,LOCAL INTRASTATE,PNJ-SAI-TBD-GUL-COP-PWK-PRV-GRO-GPK-GOC-MPS-MCT-DLR-PDM-KWD-MDL-TVI-TGD-CNB-SRL-SCP-CLS-ASN-NNR-KSP-GDD-GBR-DDM-KUB-MNR-HDS-SSL-HAN-IBX-VMD-IBP,TRUE,
PRV,86,PRV86,PANAJI-IBRAMPUR via KULAN,LOCAL INTRASTATE,PNJ-SAI-TBD-GUL-COP-PWK-PRV-GRO-GPK-GOC-MPS-MCT-DLR-PDM-KWD-CHB-BNN-CVL-MKJ-DHG-KLN-PLX-DDX-NZR-PUR-PHP-CVN-BLP-CCX-HSP-HSF-HAN-HDU-IBX-VMD-IBP,TRUE,
PRV,146,PRV146,PANAJI-KADSHI,LOCAL INTRASTATE,PNJ-SAI-TBD-GUL-COP-PWK-PRV-GRO-GPK-GOC-MPS-MCT-DLR-PDM-KWD-CHB-BNN-CVL-MKJ-DHG-KLN-OBG-WLP-WCL-MLP-PDN-NBG-SBG-PKD-RBG-UGV-TBS-TRS-DSK-SKR-DSK-PTR-BND-PTR-MOP-KSI,TRUE,
VSD,17,VSD17,PANAJI-KADTARI via MARCEL,LOCAL INTRASTATE,PNJ-RPT-FRY-RBD-RSC-SPD-BGN-OLD-PMP-COR-DLP-BNS-TBG-TVR-MRC-KDL-AMN-SEZ-NVT-NHV-KDN-GTN-SKL-SHB-HRV-PNG-PUD-HND-HVD-SLI-BUI-KHN-RGT-NGV-VLP-CDJ-CDC-SVE-SNA-KTR,TRUE,
MRG,199,MRG199,PANAJI-KALAY,LOCAL INTRASTATE,PNJ-RPT-FRY-RBD-RSC-SPD-BGN-OLD-PMP-COR-DLP-BNS-BHM-KDM-MGS-MDO-PTK-FMD-FCL-PND-DVL-TPC-BSK-SBT-BRB-TVL-VAZ-SRA-DBL-MNK-VZL-AMI-PAW-PTM-DAM-MAP-CAP-SVD-CUR-SJL-CCP-GPC-SGC-SGD-MAS-SGM-AMD-CNM-APR-COS-DUI-KUT-KLY,TRUE,
PNJ,70,PNJ70,PANAJI-KALAY via CURCHOREM,LOCAL INTRASTATE,PNJ-RPT-FRY-RBD-RSC-SPD-BGN-OLD-PMP-COR-DLP-BNS-BHM-KDM-MGS-MDO-PTK-FMD-FCL-PND-DVL-TPC-BSK-SBT-BRB-TVL-VAZ-SRA-DBL-MNK-VZL-AMI-PAW-PTM-DAM-MAP-CAP-SVD-CUR-SVD-DDE-GDN-GDM-PRU-AUD-DNM-KLY,TRUE,
VSD,22,VSD22,PANAJI-KAMORCOND,LOCAL INTRASTATE,PNJ-STX-GMC-BWS-SRD-GVL-PLR-AGS-CRT-THN-CPW-KOS-RDK-RAS-ANG-LTM-CDK-BRB-TVL-VAZ-SRA-ANW-TOR-SHK-PAZ-BIB-KMC,TRUE,
PRV,26,PRV26,PANAJI-KARANZOL via MAPUSA,LOCAL INTRASTATE,PNJ-SAI-TBD-GUL-COP-PWK-PRV-GRO-GPK-GOC-MPS-MCT-DLR-PDM-KWD-MDL-TVI-TGD-CNB-SRL-SCP-CLS-ASN-MLG-MTP-VLS-BCH-ZCL-SRX-AHP-VJN-KTK-SKL-SHB-HRV-PNG-PUD-HND-HVD-SLI-BUI-KHN-RGT-NGV-VLP-NNS-SVR-KHD-ULG-PNM-KMI-VKM-KML-KZL,TRUE,
MRG,120,MRG120,PANAJI-KARWAR via MARGAO,LOCAL INTERSTATE,PNJ-STX-GMC-BWS-SRD-GVL-PLR-AGS-CRT-FZT-BRX-TTN-PRN-VRN-SNL-ANL-RMD-NUV-MRG-MRK-NVY-DRM-CNX-DDI-PZK-CUN-DMN-BLI-BNO-GOD-PDI-PSM-PKO-GLM-CST-CNC-SRI-MKD-BPL-AFD-PTG-PMT-PGN-KRY-MSM-DPT-LOL-XLM-PBR-MZL-SDG-KRW,TRUE,
PRV,152,PRV152,PANAJI-KER via DODAMARG,LOCAL INTERSTATE,PNJ-SAI-TBD-GUL-COP-PWK-PRV-GRO-GPK-GOC-MPS-MCT-DLR-PDM-KWD-MDL-TVI-TGD-CNB-SRL-SCP-CLS-ASN-NNR-KSP-GDD-GBR-DDM-AMB-ZBR-KDS-UPT-BDS-AWD-VGT-KOL-TRI-GTW-MRL-KER,TRUE,
PRV,107,PRV107,PANAJI-KERI,LOCAL INTRASTATE,PNJ-SAI-TBD-GUL-COP-PWK-PRV-GRO-GPK-GOC-MPS-MCT-DLR-XLP-KCL-SWO-MRN-SIC-SCR-SFX-SIO-CDM-AGA-AGW-PCH-PMD-PRE-KDK-TUH-BDW-PTW-KGO-BWD-HML-PLY-KIR-KTE-KRX-KPY-KRI,TRUE,
PRV,105,PRV105,PANAJI-KERI,LOCAL INTRASTATE,PNJ-SAI-TBD-GUL-COP-PWK-PRV-GRO-GPK-GOC-MPS-MCT-DLR-PDM-KWD-CHB-BNN-CVL-MKJ-DDK-SGL-ARB-TUX-TVT-TUE-TBT-TID-TUH-BDW-PTW-KGO-BWD-HML-PLY-KIR-KTE-KRX-KPY-KRI,TRUE,
PRV,104,PRV104,PANAJI-KERI via PEDNE,LOCAL INTRASTATE,PNJ-SAI-TBD-GUL-COP-PWK-PRV-GRO-GPK-GOC-MPS-MCT-DLR-PDM-KWD-CHB-BNN-CVL-MKJ-DHG-KLN-OBG-WLP-WCL-MLP-PDN-PTE-KAT-GOT-KON-DEV-KGO-BWD-HML-PLY-KIR-KTE-KRX-KPY-KRI,TRUE,
PRV,150,PRV150,PANAJI-KOLHAPUR via GAGANBAWDA,LOCAL INTERSTATE,PNJ-TBD-GUL-PRV-GRI-MPS-KWD-CVL-DHG-PDN-SBG-PKD-UGV-TRS-PTR-BND-SWD-AKR-ZRP-KUD-PDR-ORS-KSL-OSR-KNV-HUM-NAN-TRL-VBW-GGB-SVN-KLE-RNK-KLP,TRUE,
PRV,95,PRV95,PANAJI-KORGAO via ARABO,LOCAL INTRASTATE,PNJ-SAI-TBD-GUL-COP-PWK-PRV-GRO-GPK-GOC-MPS-MCT-DLR-PDM-KWD-CHB-BNN-CVL-MKJ-DDK-SGL-ARB-TUX-TVT-TUE-TBT-TID-TUH-BDW-PTW-KGO,TRUE,
PRV,94,PRV94,PANAJI-KORGAO via PEDNE,LOCAL INTRASTATE,PNJ-SAI-TBD-GUL-COP-PWK-PRV-GRO-GPK-GOC-MPS-MCT-DLR-PDM-KWD-CHB-BNN-CVL-MKJ-DHG-KLN-OBG-WLP-WCL-MLP-PDN-PTE-KAT-GOT-KON-DEV-KGO,TRUE,
PNJ,181,PNJ181,PANAJI-KUDCHRE TMP,LOCAL INTRASTATE,PNJ-RPT-FRY-RBD-RSC-SPD-BGN-OLD-PMP-COR-DLP-BNS-TBG-TVR-MRC-KDL-AMN-SEZ-NVT-NHV-KDN-GTN-SKL-TML-PRY-KJN-KDT,TRUE,
PNJ,45,PNJ45,PANAJI-KUDCHRE TMP,LOCAL INTRASTATE,PNJ-SAI-TBD-GUL-COP-PWK-PRV-GRO-GPK-GOC-MPS-MCT-DLR-PDM-KWD-MDL-TVI-TGD-CNB-SRL-SCP-CLS-ASN-MLG-MTP-VLS-BCH-LKR-VAN-CHK-MGD-KDC-KDT,TRUE,
PRV,36,PRV36,PANAJI-KUMARWADA,LOCAL INTRASTATE,PNJ-RPT-FRY-RBD-RSC-SPD-BGN-OLD-PMP-COR-DLP-BNS-TBG-TVR-MRC-KDL-AMN-SEZ-NVT-NHV-KDN-GTN-SKL-SHB-HRV-PNG-PUD-HND-HVD-PSS-SGN-VGR-ADV-KUM,TRUE,
PRV,223,PRV223,PANAJI-MADEL,LOCAL INTRASTATE,PNJ-MLI-VIR-BTO-SLV-EXM-PMB-GYN-OLM-GLV-CAR-CLV-BVK-VAI-TKJ-SDT-SCH-DGN-CMR-MDL,TRUE,
PRV,71,PRV71,PANAJI-MADEL,LOCAL INTRASTATE,PNJ-SAI-TBD-GUL-COP-PWK-PRV-GRO-GPK-GOC-MPS-TAR-UCA-BRV-GLV-CAR-CLV-BVK-VAI-TKJ-SDT-SCH-DGN-CMR-MDL,TRUE,
PNJ,65,PNJ65,PANAJI-MAINGINE via PONDA,LOCAL INTRASTATE,PNJ-RPT-FRY-RBD-RSC-SPD-BGN-OLD-PMP-COR-DLP-BNS-BHM-KDM-MGS-MDO-PTK-FMD-FCL-PND-UBZ-CUT-KND-CWS-HLX-NST-MRF-USG-KEL-KYK-UGO-NNS-ABS-GAN-KKR-GLL-MMN-PKL-SEL-DDA-MGN,TRUE,
PNJ,66,PNJ66,PANAJI-MALPAN via PONDA,LOCAL INTRASTATE,PNJ-RPT-FRY-RBD-RSC-SPD-BGN-OLD-PMP-COR-DLP-BNS-BHM-KDM-MGS-MDO-PTK-FMD-FCL-PND-UBZ-CUT-KND-CWS-HLX-NST-MRF-USG-KEL-KYK-UGO-NNS-ABS-GAN-KKR-GLL-DMH-KTD-BML-XEL-AMB-GWN-MPL,TRUE,
PNJ,117,PNJ117,PANAJI-MALVAN,LOCAL INTERSTATE,PNJ-TBD-GUL-PRV-GRI-MPS-KWD-CVL-DHG-WLP-PDN-NBG-SBG-STD-STL-AST-KDR-MWD-WMD-FRC-GDE-NVI-NWD-MGR-MBZ-SWD-SRM-KUD-PVS-VBB-PDR-UML-ORS-CNY-KSL-PDE-RBB-SKW-GWR-SWR-KTT-KKV-NGB-CKI-AKN-KMB-MLV,TRUE,
VSD,26,VSD26,PANAJI-MANDRE MDMZ,LOCAL INTRASTATE,MKT-FBT-PNJ-SAI-TBD-GUL-COP-PWK-PRV-GRO-GPK-GOC-MPS-MCT-DLR-XLP-KCL-SWO-MRN-SIC-SCR-SFX-SIO-CDM-KNI-BCX-MDU-MSC-MJM-NEW-ASV-MDM,TRUE,
PRV,102,PRV102,PANAJI-MANDRE MDMZ,LOCAL INTRASTATE,PNJ-SAI-TBD-GUL-COP-PWK-PRV-GRO-GPK-GOC-MPS-MCT-DLR-XLP-KCL-SWO-MRN-SIC-SCR-SFX-SIO-CDM-AGA-AGW-PCH-PMD-PRE-KDK-PTW-SWT-DND-MTW-JNW-MDM,TRUE,
PRV,100,PRV100,PANAJI-MANDRE MDMZ,LOCAL INTRASTATE,PNJ-SAI-TBD-GUL-COP-PWK-PRV-GRO-GPK-GOC-MPS-MCT-DLR-PDM-KWD-CHB-BNN-CVL-MKJ-DDK-SGL-ARB-TUX-TUM-VND-VRT-WLP-WCL-MLP-PDN-TUH-BDW-PTW-SWT-DND-MTW-JNW-MDM,TRUE,
PRV,60,PRV60,PANAJI-MAPUSA,LOCAL INTRASTATE,PNJ-MLI-VIR-BTO-SLV-EXM-PMB-GYN-OLM-GLV-CAR-BHG-ALD-TDE-NPH-NHN-MCL-MBG-SML-TAR-GOC-MPS,TRUE,
PNJ,7,PNJ7,PANAJI-MAPUSA,LOCAL INTRASTATE,PNJ-SAI-TBD-GUL-COP-PWK-PRV-GRO-GPK-GOC-MPS,TRUE,
PRV,119,PRV119,PANAJI-MAPUSA via BRITTONA,LOCAL INTRASTATE,PNJ-MLI-VIR-BTO-PHU-TBD-GUL-COP-PWK-PRV-GRO-GPK-GOC-MPS,TRUE,
PRV,59,PRV59,PANAJI-MAPUSA via UCASSAIM,LOCAL INTRASTATE,PNJ-MLI-VIR-BTO-SLV-EXM-PMB-GYN-OLM-GLV-BRV-UCA-TAR-GOC-MPS,TRUE,
PNJ,60,PNJ60,PANAJI-MARCEL,LOCAL INTRASTATE,PNJ-RPT-FRY-RBD-RSC-SPD-BGN-OLD-PMP-COR-DLP-BNS-BHM-KDM-MGS-MDO-PTK-FMD-FCL-PND-UBZ-CUT-APE-KAR-ARL-VKR-VKH-SDH-CHW-VRM-VLV-STB-SVI-GHN-BTK-BTH-TSL-MRC,TRUE,
PNJ,6,PNJ6,PANAJI-MARGAO,LOCAL INTRASTATE,PNJ-SAI-TBD-GUL-COP-PWK-PRV-GRO-GPK-GOC-MPS-MCT-DLR-PDM-KWD-MDL-TVI-TGD-CNB-SRL-SCP-CLS-ASN-MLG-MTP-VLS-BCH-ZCL-SRX-AHP-VJN-KTK-SKL-GTN-KDN-NHV-NVT-SEZ-AMN-KDL-MRC-TVR-TBG-BNS-BHM-KDM-MGS-MDO-PTK-FMD-FCL-PND-DVL-TPC-BSK-SBT-BRB-CDK-AMR-TBR-RAK-RAI-ALE-PWD-FTD-MRG,TRUE,
PNJ,104,PNJ104,PANAJI-MARGAO,SHUTTLE,PNJ-MRG,TRUE,
PRV,5,PRV5,PANAJI-MARGAO,LOCAL INTRASTATE,PNJ-SAI-TBD-GUL-COP-PWK-PRV-GRO-GPK-GCP-MPS-MCT-DLR-PDM-KWD-MDL-TVI-TGD-CNB-SRL-SCP-CLS-ASN-MLG-MTP-VLS-BCH-ZCL-SRX-AHP-VJN-KTK-SKL-GTN-KDN-NHV-NVT-SEZ-AMN-KDL-MRC-TVR-TBG-BNS-BHM-KDM-MGS-MDO-PTK-FMD-FCL-PND-DVL-TPC-BSK-SBT-BRB-CDK-AMR-TBR-RAK-RAI-ALE-PWD-FTD-MRG,TRUE,
PNJ,5,PNJ5,PANAJI-MARGAO via PONDA,LOCAL INTRASTATE,PNJ-RPT-FRY-RBD-RSC-SPD-BGN-OLD-PMP-COR-DLP-BNS-BHM-KDM-MGS-MDO-PTK-FMD-FCL-PND-DVL-TPC-BSK-SBT-BRB-CDK-AMR-TBR-RAK-RAI-ALE-PWD-FTD-MRG,TRUE,
MRG,76,MRG76,PANAJI-MOLKOPON,LOCAL INTRASTATE,PNJ-STX-GMC-BWS-SRD-GVL-PLR-AGS-CRT-FZT-BRX-TTN-PRN-VRN-SNL-ANL-RMD-NUV-MRG-MRK-PJF-APH-RVF-MEL-GNP-LPI-DNK-PBT-GDI-CTA-PRD-QPM-QCT-TMO-SOM-SVO-ZMB-RVC-RVN-MKR-BNE-MKP,TRUE,
PRV,188,PRV188,PANAJI-MOP. P.WADA via PEDNE,LOCAL INTRASTATE,PNJ-SAI-TBD-GUL-COP-PWK-PRV-GRO-GPK-GOC-MPS-MCT-DLR-PDM-KWD-CHB-BNN-CVL-MKJ-DHG-KLN-OBG-WLP-WCL-MLP-PDN-NBG-SBG-PKD-RBG-UGV-TBS-KRU-MOP-MPW,TRUE,
PNJ,49,PNJ49,PANAJI-MOPA via PEDNE,LOCAL INTRASTATE,PNJ-TBD-GUL-COP-PWK-PRV-GRO-GPK-GOC-MPS-MCT-DLR-PDM-KWD-CHB-BNN-CVL-MKJ-DHG-KLN-OBG-WLP-WCL-MLP-PDN-NBG-SBG-PKD-RBG-UGV-TBS-MOP,TRUE,
PRV,96,PRV96,PANAJI-MORJIM via ARABO,LOCAL INTRASTATE,PNJ-SAI-TBD-GUL-COP-PWK-PRV-GRO-GPK-GOC-MPS-MCT-DLR-PDM-KWD-CHB-BNN-CVL-MKJ-DDK-SGL-ARB-TUX-TVT-TUE-TBT-TID-TUH-KDK-PRE-PMD-PCH-AGW-AGA-CDM-KNI-BCX-MDU-MSC-MJM,TRUE,
PRV,108,PRV108,PANAJI-MORJIM via SIOLIM,LOCAL INTRASTATE,PNJ-SAI-TBD-GUL-COP-PWK-PRV-GRO-GPK-GOC-MPS-MCT-DLR-XLP-KCL-SWO-MRN-SIC-SCR-SFX-SIO-CDM-KNI-BCX-MDU-MSC-MJM,TRUE,
PNJ,119,PNJ119,PANAJI-MORLE via DODAMARG,LOCAL INTERSTATE,PNJ-SAI-TBD-GUL-COP-PWK-PRV-GRO-GPK-GOC-MPS-MCT-DLR-PDM-KWD-MDL-TVI-TGD-CNB-SRL-SCP-CLS-ASN-NND-KSP-GDD-GBR-DDM-AMB-ZBR-KDS-UPT-BDS-AWD-VGT-KOL-TRI-GTW-MRL,TRUE,
PRV,45,PRV45,PANAJI-MORLLEM,LOCAL INTRASTATE,PNJ-RPT-FRY-RBD-RSC-SPD-BGN-OLD-PMP-COR-DLP-BNS-TBG-TVR-MRC-KDL-AMN-SEZ-NVT-NHV-KDN-GTN-SKL-SHB-HRV-PNG-PUD-HND-GBB-ARV-MOR-MLE,TRUE,
PRV,160,PRV160,PANAJI-MYSURU via SHIVAMOGGA,LOCAL INTERSTATE,PNJ-PND-MRG-CUN-CNC-PBR-KRW-ANK-KTA-HNW-GSP-MGI-TGP-SGR-SMG-BDV-TRR-BRR-KDU-ARS-GHS-CPT-KIK-KPE-PDV-SRP-MSU,TRUE,
PRV,161,PRV161,PANAJI-MYSURU via SHIVAMOGGA,MANUAL LOCAL INTERSTATE,PNJ-PND-MRG-CNC-PBR-KRW-ANK-KTA-HNW-GSP-MGI-TGP-SGR-SMG-BDV-TRR-BRR-KDU-ARS-GHS-CPT-KIK-KPE-PDV-SRP-MSU,TRUE,
PRV,31,PRV31,PANAJI-NANODA via MARCEL,LOCAL INTRASTATE,PNJ-RPT-FRY-RBD-RSC-SPD-BGN-OLD-PMP-COR-DLP-BNS-TBG-TVR-MRC-KDL-AMN-SEZ-NVT-NHV-KDN-GTN-SKL-SHB-HRV-PNG-PUD-HND-HVD-SLI-BUI-KHN-RGT-NGV-VLP-SNC-NGO-DVX-PST-MLL-BBR-NND,TRUE,
PNJ,83,PNJ83,PANAJI-NARVA FERRY via OLD GOA,LOCAL INTRASTATE,PNJ-RPT-FRY-RBD-RSC-SPD-BGN-OLD-MDD-DWR-MLR-NSC-NRV,TRUE,
MRG,369,MRG369,PANAJI-NETURLIM,LOCAL INTRASTATE,PNJ-RPT-FRY-RBD-RSC-SPD-BGN-OLD-PMP-COR-DLP-BNS-BHM-KDM-MGS-MDO-PTK-FMD-FCL-PND-DVL-TPC-BSK-SBT-BRB-TVL-VAZ-SRA-DBL-MNK-VZL-AMI-PAW-PTM-DAM-MAP-CAP-SVD-CUR-SJL-CCP-GPC-SGC-SGD-MAS-SGM-PGM-UGE-DSW-VLK-BAR-BHT-MLK-VLN-VLS-VDC-PRT-HNT-VCX-NTL,TRUE,
MRG,72,MRG72,PANAJI-NETURLIM,LOCAL INTRASTATE,PNJ-STX-GMC-BWS-SRD-GVL-PLR-AGS-CRT-FZT-BRX-TTN-PRN-VRN-SNL-ANL-RMD-NUV-MRG-MRK-PJF-APH-RVF-MEL-GNP-LPI-DNK-PBT-GDI-CTA-PRD-QPM-QCT-TMO-TNK-KAK-BSI-CUR-SJL-CCP-GPC-SGC-SGD-MAS-SGM-PGM-UGE-DSW-VLK-BAR-BHT-MLK-VLN-VLS-VDC-PRT-HNT-VCX-NTL,TRUE,
PNJ,189,PNJ189,PANAJI-OLD GOA,SHUTTLE,PNJ-OLD,TRUE,
PNJ,177,PNJ177,PANAJI-PANAJI,LOCAL INTRASTATE,PNJ-RPT-FRY-RBD-RSC-SPD-BGN-OLD-KRL-PET-CRM-AZS-MTO-VNR-NUR-PLR-GVL-SRD-BWS-GMC-STX-SCM-MNS-PTO,TRUE,
PNJ,174,PNJ174,PANAJI-PANAJI,LOCAL INTRASTATE,PNJ-RPT-FRY-RBD-RSC-SPD-BGN-OLD-KRL-PET-CRM-AZS-MTO-VNR-NUR-PLR-GVL-SRD-BWS-GMC-STX-PNJ,TRUE,
PNJ,96,PNJ96,PANAJI-PANAJI MKT via CCLO/ST.INZ,LOCAL INTRASTATE,PNJ-OSC-AZM-MKT-CNZ-BRN-MDB-TBM-GVQ-STI-MNS-PTO-NCB,TRUE,
PNJ,93,PNJ93,PANAJI-PANAJI MKT via T B.HSP/DMR,LOCAL INTRASTATE,PNJ-PTO-MNS-STI-GVQ-TBM-MDB-BRN-CNZ-MKT,TRUE,
PNJ,110,PNJ110,PANAJI-PANAJI via ALTINHO,LOCAL INTRASTATE,PNJ-CHR-RDO-ALT-CMP-MKT-PNJ,TRUE,
PRV,138,PRV138,PANAJI-PANAJI via ALTINHO,LOCAL INTRASTATE,PNJ-CHR-RDO-ALT-CMP-MKT,TRUE,
PRV,232,PRV232,PANAJI-PATRADEVI,LOCAL INTRASTATE,PNJ-SAI-TBD-GUL-COP-PWK-PRV-GRO-GPK-GOC-MPS-MCT-DLR-PDM-KWD-CHB-BNN-CVL-MKJ-DHG-KAI-OBG-WLP-WCL-MLP-PDN-NBG-SBG-PKD-RBG-UGV-TBS-TRS-DSK-PTR,TRUE,
PNJ,23,PNJ23,PANAJI-PEDNE via MAPUSA,LOCAL INTRASTATE,PNJ-SAI-TBD-GUL-COP-PWK-PRV-GRO-GPK-GOC-MPS-MCT-DLR-PDM-KWD-CHB-BNN-CVL-MKJ-DHG-KLN-OBG-WLP-WCL-MLP-PDN,TRUE,
PNJ,50,PNJ50,PANAJI-PETECHAWADA via PEDNE,LOCAL INTRASTATE,PNJ-SAI-TBD-GUL-COP-PWK-PRV-GRO-GPK-GOC-MPS-MCT-DLR-PDM-KWD-CHB-BNN-CVL-MKJ-DHG-KLN-OBG-WLP-WCL-MLP-PDN-TUH-BDW-PTW,TRUE,
MRG,75,MRG75,PANAJI-PIRLA,LOCAL INTRASTATE,PNJ-STX-GMC-BWS-SRD-GVL-PLR-AGS-CRT-FZT-BRX-TTN-PRN-VRN-SNL-ANL-RMD-NUV-MRG-MRK-PJF-APH-RVF-MEL-GNP-LPI-DNK-PBT-GDI-CTA-PRD-QPM-IGM-ABL-TKR-KPR-CVR-ZLA-MAN-VTO-PIR,TRUE,
PRV,122,PRV122,PANAJI-PONDA,LOCAL INTRASTATE,PNJ-RPT-FRY-RBD-RSC-SPD-BGN-OLD-PMP-COR-DLP-BNS-TBG-TVR-MRC-TSL-BTH-BTK-GHN-SVI-STB-VLV-VRM-CHW-SDH-VKH-VKR-ARL-KAR-APE-CUT-UBZ-PND,TRUE,
PNJ,13,PNJ13,PANAJI-PONDA,LOCAL INTRASTATE,PNJ-RPT-FRY-RBD-RSC-SPD-BGN-OLD-PMP-COR-DLP-BNS-TBG-TVR-MRC-GMN-DSR-PLS-AMD-KRI-ARL-KAR-APE-CUT-UBZ-PND,TRUE,
PNJ,14,PNJ14,PANAJI-PONDA,LOCAL INTRASTATE,PNJ-RPT-FRY-RBD-RSC-SPD-BGN-OLD-PMP-COR-DLP-BNS-TBG-TVR-MRC-TSL-BTH-BTK-GHN-SVI-STB-VLV-VRM-KGW-VGM-MUD-MCO-KST-KND-CUT-UBZ-PND,TRUE,
PRV,137,PRV137,PANAJI-PONDA via CORTALIM,LOCAL INTRASTATE,PNJ-STX-GMC-BWS-SRD-GVL-PLR-AGS-CRT-THN-CPW-KOS-RDK-RAS-ANG-LTM-CDK-BRB-SBT-BSK-TPC-DVL-PND,TRUE,
MRG,12,MRG12,PANAJI-PONDA via KUNDAI,LOCAL INTRASTATE,PNJ-RPT-FRY-RBD-RSC-SPD-BGN-OLD-PMP-COR-DLP-BNS-BHM-KDM-MGS-MDO-PTK-FMD-FCL-PND,TRUE,
VSD,24,VSD24,PANAJI-PONDA via TALAULIM,LOCAL INTRASTATE,PNJ-STX-GMC-BWS-SRD-GVL-PLR-AGS-CRT-FZT-BRX-TTN-CPL-TTN-BRX-THN-CPW-KOS-RDK-RAS-ANG-LTM-CDK-BRB-SBT-BSK-ADU-TAM-WDD-TLM-DBT-API-AGP-AGP-API-DBT-TLM-DKM-KPL-PTS-PND,TRUE,
MRG,43,MRG43,PANAJI-POPAIDANDO,LOCAL INTRASTATE,PNJ-STX-GMC-BWS-SRD-GVL-PLR-AGS-CRT-FZT-BRX-TTN-PRN-VRN-SNL-ANL-RMD-NUV-MRG-MRK-NVY-DRM-CNX-DDI-PZK-CUN-DMN-BLI-CTT-FTR-DBX-QTL-NQR-KNG-NUE-MLO-GNP-MTM-SRT-VAG-KMO-SLR-PRM-KRS-PRM-SLR-KMO-VAG-MTV-SOL-PPD,TRUE,
PRV,90,PRV90,PANAJI-PORASKADE via WARKHAND,LOCAL INTRASTATE,PNJ-SAI-TBD-GUL-COP-PWK-PRV-GRO-GPK-GOC-MPS-MCT-DLR-PDM-KWD-CHB-BNN-CVL-MKJ-DDK-DTP-CHC-PLA-PLX-DDX-NZR-WKH-NNP-VTL-NGJ-KHJ-BTP-SBG-PKD,TRUE,
PNJ,195,PNJ195,PANAJI-QUITLA,LOCAL INTRASTATE,PNJ-MLI-VIR-BTO-SLV-EXM-PMB-GYN-OLM-GLV-CAR-BHG-ALD-KJB-QTL,TRUE,
PNJ,196,PNJ196,PANAJI-QUITLA,LOCAL INTRASTATE,PNJ-SAI-TBD-GUL-COP-PWK-PRV-GRO-GPK-GOC-MPS-TAR-SML-MBG-MCL-NHN-NPH-TDE-ALD-KJB-QTL,TRUE,
PRV,55,PRV55,PANAJI-QUITLA via MAPUSA,LOCAL INTRASTATE,PNJ-SAI-TBD-GUL-COP-PWK-PRV-GRO-GPK-GOC-MPS-GOC-TAR-SML-MBG-MCL-NHN-NPH-TDE-ALD-KJB-QTL,TRUE,
PNJ,99,PNJ99,PANAJI-RITE COLAGE,LOCAL INTRASTATE,PNJ-RPT-FRY-RBD-RSC-SPD-BGN-OLD-PMP-COR-DLP-BNS-BHM-KDM-MGS-MDO-PTK-FMD-FCL-PND-DVL-TPC-BSK-SBT-BRB-TVL-VAZ-SRA-RIT,TRUE,
PNJ,103,PNJ103,PANAJI-RITE COLAGE,LOCAL INTRASTATE,PNJ-SAI-TBD-GUL-COP-PWK-PRV-GRO-GPK-GOC-MPS-MCT-DLR-PDM-KWD-MDL-TVI-TGD-CNB-SRL-SCP-CLS-ASN-MLG-MTP-VLS-BCH-ZCL-SRX-AHP-VJN-KTK-SKL-GTN-KDN-NHV-NVT-SEZ-AMN-KDL-MRC-TVR-TBG-BNS-BHM-KDM-MGS-MDO-PTK-FMD-FCL-PND-DVL-TPC-BSK-SBT-BRB-TVL-VAZ-SRA-RIT,TRUE,
PRV,49,PRV49,PANAJI-SAL via DODAMARG,LOCAL INTRASTATE,PNJ-SAI-TBD-GUL-COP-PWK-PRV-GRO-GPK-GOC-MPS-MCT-DLR-PDM-KWD-MDL-TVI-TGD-CNB-SRL-SCP-CLS-ASN-NNR-KSP-GDD-GBR-DDM-KMM-SAL,TRUE,
PRV,142,PRV142,PANAJI-SAL via MAPUSA,LOCAL INTRASTATE,PNJ-SAI-TBD-GUL-COP-PWK-PRV-GRO-GPK-GOC-MPS-MCT-DLR-PDM-KWD-MDL-TVI-TGD-CNB-SRL-SCP-CLS-ASN-NNR-KSP-VVL-SAL,TRUE,
PNJ,8,PNJ8,PANAJI-SANKHALI via MAPUSA,LOCAL INTRASTATE,PNJ-SAI-TBD-GUL-COP-PWK-PRV-GRO-GPK-GOC-MPS-MCT-DLR-PDM-KWD-MDL-TVI-TGD-CNB-SRL-SCP-CLS-ASN-MLG-MTP-VLS-BCH-ZCL-SRX-AHP-VJN-KTK-SKL,TRUE,
PNJ,9,PNJ9,PANAJI-SANKHALI via MARCEL,LOCAL INTRASTATE,PNJ-RPT-FRY-RBD-RSC-SPD-BGN-OLD-PMP-COR-DLP-BNS-TBG-TVR-MRC-KDL-AMN-SEZ-NVT-NHV-KDN-GTN-SKL,TRUE,
PNJ,24,PNJ24,PANAJI-SATRE,LOCAL INTRASTATE,PNJ-SAI-TBD-GUL-COP-PWK-PRV-GRO-GPK-GOC-MPS-MCT-DLR-PDM-KWD-MDL-TVI-TGD-CNB-SRL-SCP-CLS-ASN-MLG-MTP-VLS-BCH-ZCL-SRX-AHP-VJN-KTK-SKL-SHB-HRV-PNG-PUD-HND-HVD-SLI-BUI-KHN-RGT-NGV-VLP-SNC-NGO-DHV-VDH-PST-MLL-BBR-NND-KOD-SRE,TRUE,
PNJ,25,PNJ25,PANAJI-SATRE via MAPUSA,LOCAL INTRASTATE,PNJ-SAI-TBD-GUL-COP-PWK-PRV-GRO-GPK-GOC-MPS-MCT-DLR-PDM-KWD-MDL-TVI-TGD-CNB-SRL-SCP-CLS-ASN-MLG-MTP-VLS-BCH-ZCL-SRX-AHP-VJN-KTK-SKL-SHB-HRV-PNG-PUD-HND-HVD-SLI-BUI-KHN-RGT-NGV-VLP-SNC-NGO-DVX-PST-MLL-BBR-KOD-SRE,TRUE,
PRV,154,PRV154,PANAJI-SAUNDATTI via CHORLA,LOCAL INTERSTATE,PNJ-TBD-GUL-PRV-GRI-MPS-DLR-KWD-TVI-SRL-ASN-MGO-BCH-SKL-PRY-KRI-JMD-BDR-CRL-CKI-KKB-BTN-AMT-JBT-PRW-BGR-CBT-BGW-SPG-BGL-BEL-KWE-STT,TRUE,
PRV,151,PRV151,PANAJI-SAWANTWADI via DODAMARG,LOCAL INTERSTATE,PNJ-SAI-TBD-GUL-COP-PWK-PRV-GRO-GPK-GOC-MPS-MCT-DLR-PDM-KWD-MDL-TVI-TGD-CNB-SRL-SCP-CLS-ASN-NNR-KSP-GDD-GBR-DDM-KUB-MNR-HDS-SSL-KAL-ADL-MOG-DGV-PVL-BND-KDW-XFL-MNN-SWD,TRUE,
PNJ,118,PNJ118,PANAJI-SAWANTWADI via PATRADEVI,MANUAL LOCAL INTERSTATE,PNJ-SAI-TBD-GUL-COP-PWK-PRV-GRO-GPK-GOC-MPS-MCT-DLR-PDM-KWD-CHB-BNN-CVL-MKJ-DHG-KLN-OBG-WLP-WCL-MLP-PDN-NBG-SBG-PKD-RBG-UGV-TBS-TRS-DSK-PTR-BND-KDW-XFL-MNN-SWD,TRUE,
PNJ,94,PNJ94,PANAJI-SECRETARIAT via SAI SERVICE,LOCAL INTRASTATE,PNJ-SAI-SCT,TRUE,
PNJ,48,PNJ48,PANAJI-SHEMECHADVN,LOCAL INTRASTATE,PNJ-SAI-TBD-GUL-COP-PWK-PRV-GRO-GPK-GOC-MPS-MCT-DLR-PDM-KWD-CHB-BNN-CVL-MKJ-DHG-KAI-PLX-DDX-NZR-TLK-SMC,TRUE,
PRV,24,PRV24,PANAJI-SHIGNE via MAPUSA,LOCAL INTRASTATE,PNJ-SAI-TBD-GUL-COP-PWK-PRV-GRO-GPK-GOC-MPS-MCT-DLR-PDM-KWD-MDL-TVI-TGD-CNB-SRL-SCP-CLS-ASN-MLG-MTP-VLS-BCH-ZCL-SRX-AHP-VJN-KTK-SKL-SHB-HRV-PNG-PUD-HND-HVD-SLI-BUI-KHN-RGT-NGV-VLP-SNC-NGO-KMI-SLP-SGN,TRUE,
MRG,13,MRG13,PANAJI-SHIRODA,LOCAL INTRASTATE,PNJ-STX-GMC-BWS-SRD-GVL-PLR-AGS-CRT-FZT-BRX-TTN-CPL-TTN-BRX-THN-CPW-KOS-RDK-RAS-ANG-LTM-CDK-BRB-TVL-VAZ-SRA,TRUE,
VSD,10,VSD10,PANAJI-SHIRODA via PONDA,LOCAL INTRASTATE,PNJ-RPT-FRY-RBD-RSC-SPD-BGN-OLD-PMP-COR-DLP-BNS-BHM-KDM-MGS-MDO-PTK-FMD-FCL-PND-DVL-TPC-BSK-SBT-BRB-TVL-VAZ-SRA,TRUE,
PRV,70,PRV70,PANAJI-SINQUIREM,LOCAL INTRASTATE,PNJ-SAI-TBD-GUL-COP-PWK-PRV-GRO-GPK-GOC-MPS-MCT-DLR-PDM-KWD-MDL-TVI-TGD-CNB-SRL-SCP-CLS-ASN-MLG-MTP-VLS-BCH-POL-WDY-MPC-GKW-HDW-PRA-SQM,TRUE,
PRV,110,PRV110,PANAJI-SIOLIM TAR via MAPUSA,LOCAL INTRASTATE,PNJ-SAI-TBD-GUL-COP-PWK-PRV-GRO-GPK-GOC-MPS-DLR-XLP-KCL-TMA-MAN-SDP-SDC-STP-XWD-SLT-STH-STR,TRUE,
PNJ,34,PNJ34,PANAJI-SONSHI via MARCEL,LOCAL INTRASTATE,PNJ-RPT-FRY-RBD-RSC-SPD-BGN-OLD-PMP-COR-DLP-BNS-TBG-TVR-MRC-KDL-AMN-SEZ-NVT-NHV-KTP-KDN-GTN-SKL-SHB-HRV-PNG-PUD-HND-CRW-SLY-AJT-STK-SNS,TRUE,
PRV,167,PRV167,PANAJI-ST. ESTEVE via MARCEL,LOCAL INTRASTATE,PNJ-RPT-FRY-RBD-RSC-SPD-BGN-OLD-PMP-COR-DLP-BNS-TBG-TVR-MRC-TNC-KGB-STE,TRUE,
MRG,141,MRG141,PANAJI-SUBDALEM via CUNCOLIM,LOCAL INTRASTATE,PNJ-STX-GMC-BWS-SRD-GVL-PLR-AGS-CRT-FZT-BRX-TTN-PRN-VRN-SNL-ANL-RMD-NUV-MRG-MRK-NVY-DRM-CNX-DDI-PZK-CUN-DMN-BLI-BNO-GOD-SBJ-SBL,TRUE,
PNJ,35,PNJ35,PANAJI-SURLA,LOCAL INTRASTATE,PNJ-RPT-FRY-RBD-RSC-SPD-BGN-OLD-PMP-COR-DLP-BNS-TBG-TVR-MRC-KDL-AMN-SEZ-NVT-NHV-KDN-GTN-SKL-TML-PRY-MOC-GTL-KRI-TOL-ADM-JMD-CWD-CRL-CKI-SUL,TRUE,
PRV,47,PRV47,PANAJI-SURLA,LOCAL INTRASTATE,PNJ-RPT-FRY-RBD-RSC-SPD-BGN-OLD-PMP-COR-DLP-BNS-TBG-TVR-MRC-KDL-AMN-SEZ-NVT-NHV-KDN-GTN-SKL-GTN-KDN-FAL-CHI-KDG-SUL,TRUE,
PNJ,67,PNJ67,PANAJI-TAMDI SURLA via PONDA,LOCAL INTRASTATE,PNJ-RPT-FRY-RBD-RSC-SPD-BGN-OLD-PMP-COR-DLP-BNS-BHM-KDM-MGS-MDO-PTK-FMD-FCL-PND-UBZ-CUT-KND-CWS-HLX-NST-MRF-USG-SUG-DHB-TSI-UDS-SCD-SAT-BKR-TAY-DRG-TMD,TRUE,
PNJ,115,PNJ115,PANAJI-TEREKHOL via MALEWAD,LOCAL INTERSTATE,PNJ-SAI-TBD-GUL-COP-PWK-PRV-GRO-GPK-GOC-MPS-MCT-DLR-PDM-KWD-CHB-BNN-CVL-MKJ-DHG-KLN-OBG-WLP-WCL-MLP-PDN-NBG-SBG-STD-STL-AST-KDR-MWD-AJG-SHA-ARX-TMT-TRE,TRUE,
PNJ,95,PNJ95,PANAJI-TIN BLD/COL via SAI SERVICE,LOCAL INTRASTATE,PNJ-SAI-TBD,TRUE,
MRG,40,MRG40,PANAJI-TIRVAN,LOCAL INTRASTATE,PNJ-STX-GMC-BWS-SRD-GVL-PLR-AGS-CRT-FZT-BRX-TTN-PRN-VRN-SNL-ANL-RMD-NUV-MRG-MRK-NVY-DRM-CNX-DDI-PZK-CUN-DMN-BLI-BNO-GOD-PDI-PSM-PKO-GLM-CST-CNC-SRI-MKD-BPL-AFD-PTG-PMT-PGN-IDD-BUR-TRN,TRUE,
MRG,41,MRG41,PANAJI-TUDAL,LOCAL INTRASTATE,PNJ-STX-GMC-BWS-SRD-GVL-PLR-AGS-CRT-FZT-BRX-TTN-PRN-VRN-SNL-ANL-RMD-NUV-MRG-MRK-NVY-DRM-CNX-DDI-PZK-CUN-DMN-BLI-BNO-GOD-PDI-PSM-PKO-GLM-CST-CNC-SRI-MKD-BPL-BTG-NEW-KRV-GAO-INW-BUI-TDL,TRUE,
PRV,51,PRV51,PANAJI-USAP via ASSNODA,LOCAL INTRASTATE,PNJ-SAI-TBD-GUL-COP-PWK-PRV-GRO-GPK-GOC-MPS-MCT-DLR-PDM-KWD-MDL-TVI-TGD-CNB-SRL-SCP-CLS-ASN-NNR-USP,TRUE,
PRV,153,PRV153,PANAJI-USAP via DODAMARG,LOCAL INTERSTATE,PNJ-SAI-TBD-GUL-COP-PWK-PRV-GRO-GPK-GOC-MPS-MCT-DLR-PDM-KWD-MDL-TVI-TGD-CNB-SRL-SCP-CLS-ASN-NNR-KSP-GDD-GBR-DDM-AMB-ZBR-KAJ-PIK-KHK-DHU-USP,TRUE,
MRG,73,MRG73,PANAJI-VADE COLONY,LOCAL INTRASTATE,PNJ-STX-GMC-BWS-SRD-GVL-PLR-AGS-CRT-FZT-BRX-TTN-PRN-VRN-SNL-ANL-RMD-NUV-MRG-MRK-PJF-APH-RVF-MEL-GNP-LPI-DNK-PBT-GDI-CTA-PRD-QPM-QCT-TMO-SOM-SVO-ZMB-RVC-RVN-CLO-KVN-UGX-DON-SLC-DVR-CZR-VCR-VCX-NTL-HNT-PRT-VDC,TRUE,
PNJ,200,PNJ200,PANAJI-VAGURME,LOCAL INTRASTATE,PNJ-RPT-FRY-RBD-RSC-SPD-BGN-OLD-PMP-COR-DLP-BNS-BHM-KDM-MGS-MDO-PTK-FMD-FCL-PND-UBZ-CUT-KND-KST-MCO-MUD-VGM,TRUE,
PNJ,64,PNJ64,PANAJI-VAGURME via PONDA,LOCAL INTRASTATE,PNJ-MKT-CMP-ALT-RDO-CHR-PNJ-RPT-FRY-RBD-RSC-SPD-BGN-OLD-PMP-COR-DLP-BNS-BHM-KDM-MGS-MDO-PTK-FMD-FCL-PND-UBZ-CUT-KND-KST-MCO-MUD-VGM,TRUE,
MRG,42,MRG42,PANAJI-VAL,LOCAL INTRASTATE,PNJ-STX-GMC-BWS-SRD-GVL-PLR-AGS-CRT-FZT-BRX-TTN-PRN-VRN-SNL-ANL-RMD-NUV-MRG-MRK-NVY-DRM-CNX-DDI-PZK-CUN-DMN-BLI-BNO-GOD-PDI-PSM-PKO-GLM-CST-CNC-CST-DBG-DUM-AGD-VAL,TRUE,
MRG,191,MRG191,PANAJI-VALPOI,LOCAL INTRASTATE,PNJ-RPT-FRY-RBD-RSC-SPD-BGN-OLD-PMP-COR-DLP-BNS-TBG-TVR-MRC-KDL-AMN-SEZ-NGV-NVY-KDN-GTN-SKL-SHB-HRV-PNG-PUD-HND-HVD-SLI-BUI-KHN-RGT-NGV-VLP,TRUE,
PNJ,10,PNJ10,PANAJI-VALPOI via MAPUSA,LOCAL INTRASTATE,PNJ-SAI-TBD-GUL-COP-PWK-PRV-GRO-GPK-GOC-MPS-MCT-DLR-PDM-KWD-MDL-TVI-TGD-CNB-SRL-SCP-CLS-ASN-MLG-MTP-VLS-BCH-ZCL-SRX-AHP-VJN-KTK-SKL-SHB-HRV-PNG-PUD-HND-HVD-SLI-BUI-KHN-RGT-NGV-VLP,TRUE,
PNJ,11,PNJ11,PANAJI-VALPOI via MARCEL,LOCAL INTRASTATE,PNJ-RPT-FRY-RBD-RSC-SPD-BGN-OLD-PMP-COR-DLP-BNS-TBG-TVR-MRC-KDL-AMN-SEZ-NVT-NHV-KDN-GTN-SKL-SHB-HRV-PNG-PUD-HND-HVD-SLI-BUI-KHN-RGT-NGV-VLP,TRUE,
PNJ,84,PNJ84,PANAJI-VANXIM FERY,LOCAL INTRASTATE,PNJ-RPT-FRY-RBD-RSC-SPD-CNT-DVS-DWR-MBR-VXF,TRUE,
PNJ,105,PNJ105,PANAJI-VASCO,SHUTTLE,PNJ-VSD,TRUE,
PNJ,3,PNJ3,PANAJI-VASCO,LOCAL INTRASTATE,PNJ-STX-GMC-BWS-SRD-GVL-PLR-AGS-CRT-CTX-SBI-STJ-SCL-UPN-ZAN-ZAR-BRL-MEL-DBL-AIR-VDY-CHC-VDM-SPY-VSD,TRUE,
PRV,2,PRV2,PANAJI-VASCO via CORTALIM,LOCAL INTRASTATE,PNJ-STX-GMC-BWS-SRD-GVL-PLR-AGS-CRT-SCL-SCV-ZRE-ZUY-DBM-CHC-VDM-SPY-VSD,TRUE,
MRG,11,MRG11,PANAJI-VASCO via CORTALIM,LOCAL INTRASTATE,PNJ-STX-GMC-BWS-SRD-GVL-PLR-AGS-CRT-SCL-SCV-ZRE-ZUY-DBL-CHC-VDM-SPY-VSD,TRUE,
PRV,23,PRV23,PANAJI-VELGUEM via MAPUSA,LOCAL INTRASTATE,PNJ-SAI-TBD-GUL-COP-PWK-PRV-GRO-GPK-GOC-MPS-MCT-DLR-PDM-KWD-MDL-TVI-TGD-CNB-SRL-SCP-CLS-ASN-MLG-MTP-VLS-BCH-ZCL-SRX-AHP-VJN-KTK-SKL-SHB-HRV-PNG-PUD-HND-HVD-SLI-BUI-KHN-RGT-NGV-VLP-NNS-SVR-KHD-ULG,TRUE,
PNJ,116,PNJ116,PANAJI-VENGURLA via MALEWAD,MANUAL LOCAL INTERSTATE,PNJ-SAI-TBD-GUL-COP-PWK-PRV-GRO-GPK-GOC-MPS-MCT-DLR-PDM-KWD-CHB-BNN-CVL-MKJ-DHG-KLN-OBG-WLP-WCL-MLP-PDN-NBG-SBG-STD-STL-AST-KDR-MWD-AJG-SHA-AVL-TKR-NCD-MCM-SNO-VNG,TRUE,
PNJ,38,PNJ38,PANAJI-VEREM via MARCEL,LOCAL INTRASTATE,PNJ-RPT-FRY-RBD-RSC-SPD-BGN-OLD-PMP-COR-DLP-BNS-TBG-TVR-MRC-TSL-BTH-BTK-GHN-SVI-STB-VLV-VRM,TRUE,
PRV,149,PRV149,PANAJI-VIJAYDURGA via KANKAVLI,LOCAL INTERSTATE,PNJ-TBD-GUL-PRV-GRI-MPS-KWD-CVL-DHG-PDN-SBG-PKD-UGV-TRS-PTR-BND-SWD-AKR-ZRP-KUD-PDR-ORS-KSL-OSR-KNV-HUM-NAN-TRL-BWA-UTT-FAN-DAT-MCH-PRI-BPD-RKT-VGO-STN-MDT-POK-PCN-RDB-GIR-RAM-VJD,TRUE,
PRV,120,PRV120,PANAJI-VIJAYDURGA via PONDA,LOCAL INTRASTATE,PNJ-RPT-FRY-RBD-RSC-SPD-BGN-OLD-PMP-COR-DLP-BNS-BHM-KDM-MGS-MDO-PTK-FMD-FCL-PND-UBZ-CUT-APE-KAR-ARL-VJD,TRUE,
PNJ,33,PNJ33,PANAJI-VIRDI via MARCEL,LOCAL INTRASTATE,PNJ-RPT-FRY-RBD-RSC-SPD-BGN-OLD-PMP-COR-DLP-BNS-TBG-TVR-MRC-KDL-AMN-SEZ-NVT-NHV-KDN-GTN-SKL-DWD-KRZ-VRD,TRUE,
PRV,168,PRV168,PANAJI-VOLVOI via MARCEL,LOCAL INTRASTATE,PNJ-RPT-FRY-RBD-RSC-SPD-BGN-OLD-PMP-COR-DLP-BNS-TBG-TVR-MRC-TSL-BTH-BTK-GHN-SVI-STB-VLV,TRUE,
MRG,96,MRG96,PANAJI-ZARME,LOCAL INTRASTATE,PNJ-RPT-FRY-RBD-RSC-SPD-BGN-OLD-PMP-COR-DLP-BNS-BHM-KDM-MGS-MDO-PTK-FMD-FCL-PND-UBZ-CUT-KND-CWS-HLX-NST-MRF-USG-KEL-KYK-UGO-NNS-ABS-GAN-KKR-GLL-DMH-KTD-BRT-KHD-SVR-ALM-NNS-BTW-VLP-CCM-MSH-DBE-ZRM,TRUE,
PRV,22,PRV22,PANAJI-ZARME via MAPUSA,LOCAL INTRASTATE,PNJ-SAI-TBD-GUL-COP-PWK-PRV-GRO-GPK-GOC-MPS-MCT-DLR-PDM-KWD-MDL-TVI-TGD-CNB-SRL-SCP-CLS-ASN-MLG-MTP-VLS-BCH-ZCL-SRX-AHP-VJN-KTK-SKL-SHB-HRV-PNG-PUD-HND-HVD-SLI-BUI-KHN-RGT-NGV-VLP-CCM-MSH-DBE-ZRM,TRUE,
PRV,33,PRV33,PANAJI-ZARME via MARCEL,LOCAL INTRASTATE,PNJ-RPT-FRY-RBD-RSC-SPD-BGN-OLD-PMP-COR-DLP-BNS-TBG-TVR-MRC-KDL-AMN-SEZ-NVT-NHV-KDN-GTN-SKL-SHB-HRV-PNG-PUD-HND-HVD-SLI-BUI-KHN-RGT-NGV-VLP-CCM-MSH-DBE-ZRM,TRUE,
PRV,218,PRV218,PATRADEVI-MORJIM,LOCAL INTRASTATE,PTR-DSK-TRS-TBS-UGV-RBG-PKD-SBG-NBG-PDN-TUH-KDK-PRE-PMD-PCH-AGW-AGA-CDM-KNI-BCX-MDU-MSC-MJM,TRUE,
PRV,27,PRV27,PNJ K.AKDMI-NANODA via MAPUSA,LOCAL INTRASTATE,KLA-MKT-FBT-PNJ-SAI-TBD-GUL-COP-PWK-PRV-GRO-GPK-GOC-MPS-MCT-DLR-PDM-KWD-MDL-TVI-TGD-CNB-SRL-SCP-CLS-ASN-MLG-MTP-VLS-BCH-ZCL-SRX-AHP-VJN-KTK-SKL-SHB-HRV-PNG-PUD-HND-HVD-SLI-BUI-KHN-RGT-NGV-VLP-SNC-NGO-DVX-PST-MLL-BBR-NND,TRUE,
PRV,46,PRV46,PNJ K.AKDMI-SURLA,LOCAL INTRASTATE,KLA-MKT-FBT-PNJ-RPT-FRY-RBD-RSC-SPD-BGN-OLD-PMP-COR-DLP-BNS-TBG-TVR-MRC-KDL-AMN-SEZ-NVT-NHV-KDN-GTN-SKL-TML-PRY-MOC-GTL-KRI-TOL-ADM-JMD-CWD-CRL-CKI-SUL,TRUE,
MRG,373,MRG373,PONDA- NAVELI,LOCAL INTRASTATE,PND-CUT-KND-NST-MRF-UTK-PWA-UGO-BMI-PLI-ULG-SUL-DGM-HND-HRV-SKL-GTN-KDN-NVY,TRUE,
PNJ,78,PNJ78,PONDA-AGAPUR SHMR via TALAULIM,LOCAL INTRASTATE,PND-PTS-KPL-DKM-TLM-DBT-API-AGP-ASM,TRUE,
PNJ,82,PNJ82,PONDA-ALTINHO via PANAJI,SHUTTLE,PND-PNJ-ALT,TRUE,
PNJ,81,PNJ81,PONDA-BAMBOLI GMC via PANAJI,SHUTTLE,PND-PNJ-GMC,TRUE,
PRV,125,PRV125,PONDA-CIPLA via KELOSI,LOCAL INTRASTATE,PND-DVL-TPC-BSK-SBT-BRB-CDK-LTM-ANG-RAS-RDK-KOS-CPW-THN-BRX-TTN-CPL,TRUE,
PNJ,75,PNJ75,PONDA-CODLI TISK via BETODA,LOCAL INTRASTATE,PND-YRD-SMR-BTD-BTI-BVP-CHF-GUR-NRK-NRO-STM-DAB-MRT-CDT,TRUE,
MRG,17,MRG17,PONDA-CURCHOREM,LOCAL INTRASTATE,PND-UBZ-CUT-KND-CWS-HLX-NST-MRF-USG-SUG-DHB-DWK-CDT-SSG-DBP-VAG-KRP-SVG-BDP-BDL-PRU-GDM-GDN-DDE-SVD-CUR,TRUE,
MRG,16,MRG16,PONDA-CURCHOREM via SHIRODA,LOCAL INTRASTATE,PND-DVL-TPC-BSK-SBT-BRB-TVL-VAZ-SRA-DBL-MNK-VZL-AMI-PAW-PTM-DAM-MAP-CAP-SVD-CUR,TRUE,
PNJ,77,PNJ77,PONDA-GAVNE via RAMNATHI,LOCAL INTRASTATE,PND-PTS-KPL-DKM-KVL-RMT-NML-GVT-VTM-GVN,TRUE,
MRG,86,MRG86,PONDA-KAMORCOND,LOCAL INTRASTATE,PND-DVL-TPC-BSK-SBT-BRB-TVL-VAZ-SRA-ANW-TOR-SHK-PAZ-KNX-NRK-NRO-STM-DAB-MRT-CDT-SSG-DBP-VAG-KMC,TRUE,
PNJ,80,PNJ80,PONDA-KNDRI VIDYA via CURTI,LOCAL INTRASTATE,PND-UBZ-CUT-KVP,TRUE,
VSD,19,VSD19,PONDA-KUDCHRE TMP via MARCEL,LOCAL INTRASTATE,PND-FCL-FMD-PTK-MDO-MGS-KDM-BHM-BNS-TBG-TVR-MRC-KDL-AMN-SEZ-NVT-NHV-KDN-GTN-SKL-KTK-VJN-AHP-SRX-ZCL-BCH-VTD-VTI-DGW-KDT,TRUE,
PNJ,19,PNJ19,PONDA-MARGAO,LOCAL INTRASTATE,PND-DVL-TPC-BSK-SBT-BRB-CDK-AMR-TBR-RAK-RAI-ALE-PWD-FTD-MRG,TRUE,
PRV,141,PRV141,PONDA-MARGAO via AGNEL ASHRM,LOCAL INTRASTATE,PND-DVL-TPC-BSK-SBT-BRB-CDK-AMR-TBR-RAK-RAI-ALE-NUV-RMD-ANL-RMD-NUV-MRG,TRUE,
MRG,347,MRG347,PONDA-MOLLEM,LOCAL INTRASTATE,PND-UBZ-CUT-KND-CWS-HLX-NST-MRF-USG-SUG-DHB-DHA-SKT-DTR-MLM,TRUE,
PRV,72,PRV72,PONDA-NARVA FERRY,LOCAL INTRASTATE,PND-FCL-FMD-PTK-MDO-MGS-KDM-BHM-BNS-TBG-TVR-MRC-KDL-AMN-SEZ-NVT-NHV-KDN-GTN-SKL-KTK-VJN-AHP-SRX-ZCL-BCH-PAZ-DBD-BRZ-STA-PLG-SPT-PCY-NRV,TRUE,
PNJ,164,PNJ164,PONDA-O GOA XVR A,SHUTTLE,PND-OGX,TRUE,
MRG,372,MRG372,PONDA-SAKHALI,LOCAL INTRASTATE,PND-CUT-KND-NST-MRF-UTK-PWA-UGO-BMI-PLI-ULG-SUL-DGM-HND-HRV-SKL,TRUE,
PNJ,18,PNJ18,PONDA-SANKHALI,LOCAL INTRASTATE,PND-FCL-FMD-PTK-MDO-MGS-KDM-BHM-BNS-TBG-TVR-MRC-KDL-AMN-SEZ-NVT-NHV-KDN-GTN-SKL,TRUE,
PNJ,73,PNJ73,PONDA-SAVAI,LOCAL INTRASTATE,PND-UBZ-CUT-APE-KAR-ARL-VKR-VKH-SDH-CHW-VRM-VLV-STB-SVI,TRUE,
MRG,139,MRG139,PONDA-SECRETARIAT via PANAJI,SHUTTLE,PND-PNJ-SCT,TRUE,
VSD,13,VSD13,PONDA-SHIRODA,LOCAL INTRASTATE,PND-DVL-TPC-BSK-SBT-BRB-TVL-VAZ-SRA,TRUE,
PNJ,76,PNJ76,PONDA-SHIRSHIRE via TOP COLA,LOCAL INTRASTATE,PND-DVL-TPC-KLM-SRS,TRUE,
MRG,371,MRG371,PONDA-SURLA,LOCAL INTRASTATE,PND-CUT-KND-NST-MRF-UTK-PWA-UGO-BMI-PLI-ULG-SUL,TRUE,
PNJ,79,PNJ79,PONDA-UNDIR via RAMNATHI,LOCAL INTRASTATE,PND-PTS-KPL-DKM-KVL-RMT-SAR-TLU-KHA-UNT-UND,TRUE,
PNJ,74,PNJ74,PONDA-VAGURME via KHANDEPAR,LOCAL INTRASTATE,PND-UBZ-CUT-KND-KST-MCO-MUD-VGM,TRUE,
PRV,123,PRV123,PONDA-VOLVOI,LOCAL INTRASTATE,PND-UBZ-CUT-APE-KAR-ARL-VKR-VKH-SDH-CHW-VRM-VLV,TRUE,
MRG,370,MRG370,PONDAI-BICHOLIM,LOCAL INTRASTATE,PND-CUT-KND-NST-MRF-UTK-PWA-UGO-BMI-PLI-ULG-SUL-DGM-HND-HRV-SKL-KTK-SRX-BCH,TRUE,
PRV,132,PRV132,PORVORIM-PANAJI via PANAJI,LOCAL INTRASTATE,POR-PTN-TRD-BTO-VIR-MLI-PNJ-CHR-RDO-ALT-CMP-MKT,TRUE,
PRV,176,PRV176,QUITLA-GALVAR PHC via ALDONA,LOCAL INTRASTATE,QTL-KJB-ALD-BHG-CAR-GLV,TRUE,
PNJ,69,PNJ69,RAJ BHAVAN-MALPAN via PONDA,LOCAL INTRASTATE,RAJ-DNP-CRZ-GSC-MRM-CMP-KLA-MKT-FBT-PNJ-RPT-FRY-RBD-RSC-SPD-BGN-OLD-PMP-COR-DLP-BNS-BHM-KDM-MGS-MDO-PTK-FMD-FCL-PND-UBZ-CUT-KND-CWS-HLX-NST-MRF-USG-KEL-KYK-UGO-NNS-ABS-GAN-KKR-GLL-DMH-KTD-BML-XEL-SIS-ASO-GWN-MPL,TRUE,
MRG,196,MRG196,RAJBAG-KARWAR,LOCAL INTERSTATE,RJB-PSL-CNC-SRI-MKD-BPL-AFD-PTG-PMT-PGN-KRY-MXN-DPT-LOL-XLM-PBR-MZL-SDG-KRW,TRUE,
VSD,35,VSD35,SADA-FMD ENG CLG,LOCAL INTRASTATE,SDA-VSD-SPY-VDM-CHC-DBL-ZUY-ZRE-SCV-SCL-CRT-THN-CPW-KOS-RDK-RAS-ANG-LTM-CDK-BRB-SBT-BSK-TPC-DVL-PND-FCL-FMD-ENG,TRUE,
VSD,50,VSD50,SADA-HONNAWAR,MANUAL LOCAL INTERSTATE,SDA-VSD-SPY-VDM-CHC-VDY-AIR-DBM-MEL-BRL-ZAR-ZAN-UPN-MTS-KMN-TTN-PRN-VRN-SNL-ANL-RMD-NUV-MRG-MRK-NVY-CUN-BLI-PSM-CNC-SRI-MKD-BPL-AFD-PTG-PMT-PGN-KRY-MSM-DPT-LOL-XLM-PBR-MZL-SDG-KRW-AWS-ANK-MND-MJN-KTA-HNW,TRUE,
VSD,66,VSD66,SADA-KARLI via MALEWAD,LOCAL INTERSTATE,SDA-VSD-SPY-VDM-CHC-DBL-ZUY-ZRE-SCV-SCL-CRT-AGS-PLR-GVL-SRD-BWS-GMC-STX-PNJ-SAI-TBD-GUL-COP-PWK-PRV-GRO-GPK-GOC-MPS-MCT-DLR-PDM-KWD-CHB-BNN-CVL-MKJ-DHG-KLN-OBG-WLP-WCL-MLP-PDN-NBG-SBG-STD-STL-AST-KDR-MWD-AJG-SRA-AVL-TKR-NCD-MCM-SNO-VNG-GTM-AVP-KLV-KUS-MPN-VTB-PRL-KRJ-KLI,TRUE,
VSD,65,VSD65,SADA-MALVAN via MALEWAD,LOCAL INTERSTATE,SDA-VSD-CHC-CRT-PLR-GMC-PNJ-TBD-GUL-PRV-GRI-MPS-KWD-CVL-DHG-WLP-PDN-NBG-SBG-STD-STL-AST-KDR-MWD-WMD-FRC-GDE-NVI-NWD-MGR-MBZ-SWD-AKR-ZRP-UDN-SRM-KUD-JKT-TKW-NPR-KLS-DMP-GDV-GDW-CKE-AKN-KMB-MLV,TRUE,
VSD,36,VSD36,SADA-RITE COLAGE via CORTALIM,LOCAL INTRASTATE,SDA-VSD-SPY-VDM-CHC-DBL-ZUY-ZRE-SCV-SCL-CRT-THN-CPW-KOS-RDK-RAS-ANG-LTM-CDK-BRB-TVL-VAZ-SRA-RIT,TRUE,
VSD,67,VSD67,SADA-VENGURLA via MALEWAD,LOCAL INTERSTATE,SDA-VSD-SPY-VDM-CHC-DBL-ZUY-ZRE-SCV-SCL-CRT-AGS-PLR-GVL-SRD-BWS-GMC-STX-PNJ-SAI-TBD-GUL-COP-PWK-PRV-GRO-GPK-GOC-MPS-MCT-DLR-PDM-KWD-CHB-BNN-CVL-MKJ-DHG-KLN-OBG-WLP-WCL-MLP-PDN-NBG-SBG-STD-STL-AST-KDR-MWD-AJG-SHA-AVL-TKR-NCD-MCM-SNO-VNG,TRUE,
MRG,377,MRG377,SAKHALI- NAVELI,LOCAL INTRASTATE,SKL-GTN-KDN-NVY,TRUE,
PNJ,41,PNJ41,SANKHALI-ADVOI via HONDA,LOCAL INTRASTATE,SKL-SHB-HRV-PNG-PUD-HND-HVD-PSS-SGN-VGR-ADV,TRUE,
PNJ,170,PNJ170,SANKHALI-BETORA IND via PALE,LOCAL INTRASTATE,SKL-SHB-HRV-PNG-PUD-HND-CRW-SLY-AJT-STK-SNS-DIG-SUL-ULG-BKD-PLE-BMI-UGO-KYK-KEL-USG-MRF-NST-HLX-CWS-KND-CUT-BTJ-BIE,TRUE,
PRV,169,PRV169,SANKHALI-BHIRONDA via HONDA,LOCAL INTRASTATE,SKL-SHB-HRV-PNG-PUD-HND-HVD-PSS-SGN-VGR-ADV-MHA-BIR,TRUE,
PNJ,43,PNJ43,SANKHALI-CIPLA,LOCAL INTRASTATE,SKL-GTN-KDN-NHV-NVT-SEZ-AMN-KDL-MRC-TVR-TBG-BNS-DLP-COR-PMP-OLD-KRL-PET-CRM-AZS-MTO-VNR-NUR-PLR-AGS-CRT-FZT-BRX-TTN-CPL,TRUE,
PNJ,40,PNJ40,SANKHALI-GHADIWADA,LOCAL INTRASTATE,SKL-GTN-KDN-NHV-CMT-MAN-SUL-BZN-ULG-GHD,TRUE,
PRV,144,PRV144,SANKHALI-MORLLEM via HONDA,LOCAL INTRASTATE,SKL-SHB-HRV-PNG-PUD-HND-GBB-ARV-MOR-MLE,TRUE,
PRV,135,PRV135,SANKHALI-PANAJI MKT,SHUTTLE,SKL-PNJ-MKT,TRUE,
PRV,52,PRV52,SANKHALI-SURLA via KHODGINI,LOCAL INTRASTATE,SKL-GTN-KDN-FAL-CHI-KDG-SUL,TRUE,
PNJ,42,PNJ42,SANKHALI-TONCA via MARCEL,LOCAL INTRASTATE,SKL-GTN-KDN-NHV-NVT-SEZ-AMN-KDL-MRC-TNC,TRUE,
PRV,133,PRV133,SANKHALI-V KERI via MARCEL,LOCAL INTRASTATE,SKL-GTN-KDN-NVT-SEZ-AMN-KDL-MRC-GMN-DSR-PLS-AMD-VDT-KRI-VKR,TRUE,
PNJ,92,PNJ92,SANKHALI-VALPOI via ADVOI,LOCAL INTRASTATE,SKL-SHB-HRV-PNG-PUD-HND-HVD-PSS-SGN-VGR-ADV-MHA-PDL-BIR-SVR-ALM-NNS-BTW-VLP,TRUE,
PRV,128,PRV128,SECRETARIAT-KALAY via CURCHOREM,LOCAL INTRASTATE,SCT-SAI-PNJ-RPT-FRY-RBD-RSC-SPD-BGN-OLD-PMP-COR-DLP-BNS-BHM-KDM-MGS-MDO-PTK-FMD-FCL-PND-DVL-TPC-BSK-SBT-BRB-TVL-VAZ-SRA-DBL-MNK-VZL-AMI-PAW-PTM-DAM-MAP-CAP-SVD-CUR-SVE-DDE-GDN-GDM-PRU-AUD-DNM-KLY,TRUE,
MRG,367,MRG367,SHRISTHAL-POLLEM,LOCAL INTRASTATE,SRI-MKD-BPL-AFD-PTG-PMT-PGN-KRY-MXN-DPT-LOL-XLM-PLL,TRUE,
PNJ,203,PNJ203,ST.PEDRO-ST.PEDRO,LOCAL INTRASTATE,SPD-CNT-DVS-DWR-MBR-DWR-DVS-CNT-SPD,TRUE,
PNJ,86,PNJ86,ST.PEDRO-VANXIM FERY,LOCAL INTRASTATE,SPD-CNT-DVS-DWR-MBR-VXF,TRUE,
PNJ,30,PNJ30,TIN BLD/COL-VALPOI via MARCEL,LOCAL INTRASTATE,TBD-SCT-PNJ-RPT-FRY-RBD-RSC-SPD-BGN-OLD-PMP-COR-DLP-BNS-TBG-TVR-MRC-KDL-AMN-SEZ-NVT-NHV-KDN-GTN-SKL-SHB-HRV-PNG-PUD-HND-HVD-SLI-BUI-KHN-RGT-NGV-VLP,TRUE,
PNJ,31,PNJ31,TONCA-VALPOI,LOCAL INTRASTATE,TNC-MRC-KDL-AMN-SEZ-NVT-NHV-KDN-GTN-SKL-SHB-HRV-PNG-PUD-HND-HVD-SLI-BUI-KHN-RGT-NGV-VLP,TRUE,
PRV,39,PRV39,VALPOI-ADVOI via SAVARSHE,LOCAL INTRASTATE,VLP-BTW-NNS-ALM-SVR-BIR-PDL-MHA-ADV,TRUE,
PRV,42,PRV42,VALPOI-HIVRE via PALI,LOCAL INTRASTATE,VLP-CRX-HDO-PLI-TNE-CRV-HVR,TRUE,
PNJ,172,PNJ172,VALPOI-KARANZOL via VELGUEM,LOCAL INTRASTATE,VLP-NNS-SVR-KHD-ULG-PNM-KMI-VKM-KML-KZL,TRUE,
PRV,43,PRV43,VALPOI-KUMARKHAN via REDIGHAT,LOCAL INTRASTATE,VLP-NGV-RGT-KDY-KHN,TRUE,
PRV,40,PRV40,VALPOI-SATRE via NAGARGAO,LOCAL INTRASTATE,VLP-SNC-NGO-DHV-DVX-PST-MLL-BBR-KOD-NND-SRE,TRUE,
PRV,174,PRV174,VALPOI-SHIGNE via NAGARGAO,LOCAL INTRASTATE,VLP-SNC-NGO-KMI-SLP-SGN,TRUE,
PNJ,171,PNJ171,VALPOI-THANE via HEDODE,LOCAL INTRASTATE,VLP-VLU-CRX-HDO-PLE-TNE,TRUE,
PRV,41,PRV41,VALPOI-USTE via NAGARGAO,LOCAL INTRASTATE,VLP-SNC-NGO-DHV-VDH-UST,TRUE,
PRV,38,PRV38,VALPOI-VELGUEM via SAVARSHE,LOCAL INTRASTATE,VLP-NNS-SVR-KHD-ULG,TRUE,
PRV,44,PRV44,VALPOI-ZARME via MHAUSHI,LOCAL INTRASTATE,VLP-CCM-MSH-DBE-ZRM,TRUE,
PNJ,204,PNJ204,VANXIM FRY-VANXIM FRY,LOCAL INTRASTATE,VXF-MBR-DWR-DVS-CNT-SPD-CNT-DVS-DWR-MBR-VXF,TRUE,
VSD,60,VSD60,VASCO-BELGAVI CBT,LOCAL INTERSTATE,VSD-CHC-CRT-PLR-GMC-PNJ-TBD-GUL-PWK-PRV-GRI-MPS-DLR-KWD-TVI-SRL-ASN-MGO-BCH-SKL-PRY-KRI-JMD-BDR-CRL-CKI-KKB-BTN-AMT-JBT-PRW-BGR-CBT,TRUE,
VSD,58,VSD58,VASCO-BELGAVI CBT,LOCAL INTERSTATE,VSD-SPY-VDM-CHC-VDY-AIR-DBM-MEL-BRL-ZAR-ZAN-UPN-MTS-KMN-TTN-PRN-VRN-SNL-ANL-RMD-NUV-MRG-FTD-BRI-PND-USG-DHB-DTR-MLM-GBR-ANM-TNG-RMN-LND-GNJ-KNP-PRW-BGR-CBT,TRUE,
VSD,33,VSD33,VASCO-CIPLA via BIRLA,LOCAL INTRASTATE,VSD-SPY-VDM-CHC-VDY-AIR-DBM-MEL-BRL-ZAR-ZAN-UPN-MTS-KMN-TTN-CPL,TRUE,
VSD,30,VSD30,VASCO-HARBOUR via SADA,LOCAL INTRASTATE,VSD-SDA-HRB,TRUE,
VSD,14,VSD14,VASCO-HEDODE,LOCAL INTRASTATE,VSD-SPY-VDM-CHC-DBL-ZUY-ZRE-SCV-SCL-CRT-AGS-PLR-NUR-VNR-MTO-AZS-CRM-PET-KRL-OLD-PMP-COR-DLP-BNS-TBG-TVR-MRC-KDL-AMN-SEZ-NVT-NHV-KDN-GTN-SKL-SHB-HRV-PNG-PUD-HND-HVD-SLI-BUI-KHN-RGT-NGV-VLP-SNC-NGO-HDO,TRUE,
VSD,15,VSD15,VASCO-HEDODE,LOCAL INTRASTATE,VSD-SPY-VDM-CHC-VDY-AIR-DBL-MEL-BRL-ZAR-ZAN-UPN-MTS-KMN-TTN-CPL-TTN-BRX-FZT-CRT-AGS-PLR-NUR-VNR-MTO-AZS-CRM-PET-KRL-OLD-PMP-COR-DLP-BNS-TBG-TVR-MRC-KDL-AMN-SEZ-NVT-NHV-KDN-GTN-SKL-SHB-HRV-PNG-PUD-HND-HVD-SLI-BUI-KHN-RGT-NGV-VLP-SNC-NGO-HDO,TRUE,
VSD,68,VSD68,VASCO-HUBALI,LOCAL INTERSTATE,VSD-SPY-VDM-CHC-VDY-AIR-DBM-MEL-BRL-ZAR-ZAN-UPN-MTS-KMN-TTN-PRN-VRN-SNL-ANL-RMD-NUV-MRG-FTD-BRI-PND-USG-KTB-SKL-PRY-KRI-JMD-BDR-CRL-CKI-KKB-BTN-AMT-JBT-KNP-BDI-ALN-DHW-HBL,TRUE,
VSD,56,VSD56,VASCO-HUBALI,LOCAL INTERSTATE,VSD-SPY-VDM-CHC-DBL-ZUY-ZRE-SCV-SCL-CRT-THN-BRX-TTN-PRN-VRN-SNL-ANL-RMD-NUV-MRG-FTD-BRI-PND-USG-DHB-DTR-MLM-GBR-ANM-TNG-RMN-KBR-NGL-TKT-GDL-ALN-DHW-HBL,TRUE,
VSD,57,VSD57,VASCO-HUBALI,LOCAL INTERSTATE,VSD-SPY-VDM-CHC-VDY-AIR-DBM-MEL-BRL-ZAR-ZAN-UPN-MTS-KMN-TTN-PRN-VRN-SNL-ANL-RMD-NUV-MRG-FTD-BRI-PND-USG-DHB-DTR-MLM-GBR-ANM-TNG-RMN-KBR-NGL-TKT-GDL-ALN-DHW-HBL,TRUE,
VSD,73,VSD73,VASCO-KALABURAGI via ANMOD,MANUAL LOCAL INTERSTATE,VSD-CHC-ZAN-TTN-CRT-PLR-GMC-PNJ-OLD-BNS-KDM-PND-UGO-DHB-DTR-MLM-GBR-ANM-TNG-RMN-LND-GNJ-KNP-PRW-BGR-CBT-NSG-YGT-SLL-LPR-MDH-JMK-BSW-BPR-HPG-SGI-AML-DGO-AFZ-ATU-CPU-GPR-CPU-KLB,TRUE,
VSD,72,VSD72,VASCO-KALABURAGI via CHORLA,LOCAL INTERSTATE,VSD-CHC-ZAN-TTN-CRT-PLR-GMC-PNJ-OLD-BNS-KDM-PND-UGO-KTB-SKL-PRY-KRI-JMD-BDR-CRL-CKI-KKB-BTN-AMT-JBT-PRW-BGR-CBT-NSG-YGT-SLL-LPR-MDH-JMK-BSW-BPR-HPG-SGI-AML-DGO-AFZ-ATU-CPU-GPR-CPU-KLB,TRUE,
VSD,87,VSD87,VASCO-KARLI,LOCAL INTERSTATE,VSD-SPY-VDM-CHC-DBL-ZUY-ZRE-SCV-SCL-CRT-AGS-PLR-GVL-SRD-BWS-GMC-STX-PNJ-SAI-TBD-GUL-COP-PWK-PRV-GRO-GPK-GOC-MPS-MCT-DLR-PDM-KWD-CHB-BNN-CVL-MKJ-DHG-KLN-OBG-WLP-WCL-MLP-PDN-NBG-SBG-STD-STL-AST-KDR-MWD-AJG-SRA-AVL-TKR-NCD-MCM-SNO-VNG-GTM-AVP-KLV-KUS-MPN-VTB-PRL-KRJ-KLI,TRUE,
VSD,85,VSD85,VASCO-KARWAR,LOCAL INTERSTATE,VSD-SPY-VDM-CHC-DBL-ZUY-ZRE-SCV-SCL-CRT-THN-BRX-TTN-CPL-TTN-PRN-VRN-SNL-ANL-RMD-NUV-MRG-MRK-NVY-DRM-CNX-DDI-PZK-CUN-DMN-BLI-BNO-GOD-PDI-PSM-PKO-GLM-CST-CNC-SRI-MKD-BPL-AFD-PTG-PMT-PGN-KRY-MXN-DPT-LOL-XLM-PBR-MZL-SDG-KRW,TRUE,
VSD,51,VSD51,VASCO-KARWAR,LOCAL INTERSTATE,VSD-SPY-VDM-CHC-VDY-AIR-DBM-MEL-BRL-ZAR-ZAN-UPN-MTS-KMN-TTN-PRN-VRN-SNL-ANL-RMD-NUV-MRG-MRK-NVY-DMP-CNX-DDI-PZK-CUN-DMN-BLI-BNO-GOD-PDI-PSM-PKO-GLM-CST-CNC-SRI-MKD-BPL-AFD-PTG-PMT-PGN-KRY-MSM-DPT-LOL-XLM-PBR-MZL-SDG-KRW,TRUE,
VSD,3,VSD3,VASCO-MARGAO MKT via CORTALIM,LOCAL INTRASTATE,VSD-SPY-VDM-CHC-DBL-ZUY-ZRE-SCV-SCL-CRT-THN-BRX-TTN-PRN-VRN-SNL-ANL-RMD-NUV-MRG-MRK,TRUE,
VSD,63,VSD63,VASCO-MIRAJ,LOCAL INTERSTATE,VSD-CHC-CRT-PLR-GMC-PNJ-TBD-GUL-PRV-GRI-MPS-CVL-DHG-KWD-PDN-SBG-PKD-UGV-TRS-PTR-BND-SWD-AKR-ZRP-KUD-PDR-ORS-KSL-OSR-KNV-HUM-NAN-TRL-VBW-GGB-SVN-KLE-RNK-KLP-HTK-JSP-MRJ,TRUE,
VSD,40,VSD40,VASCO-MOLLEM,LOCAL INTRASTATE,VSD-SPY-VDM-CHC-VDY-AIR-DBL-MEL-BRL-ZAR-ZAN-UPN-MTS-KMN-TTN-PRN-VRN-SNL-ANL-RMD-NUV-MRG-FTD-PWD-ALE-RAI-RAK-TBR-AMR-CDK-BRB-SBT-BSK-TPC-DVL-PND-UBZ-CUT-KND-CWS-HLX-NST-MRF-USG-SUG-DHB-DHA-SKT-DTR-MLM,TRUE,
MRG,107,MRG107,VASCO-MRG RLY STN via CORTALIM,LOCAL INTRASTATE,VSD-SPY-VDM-CHC-DBL-ZUY-ZRE-SCV-SCL-CRT-THN-BRX-TTN-PRN-VRN-SNL-ANL-RMD-NUV-MRG-MRK-MRS,TRUE,
VSD,59,VSD59,VASCO-MUDDEBEHAL via ANMOD,LOCAL INTERSTATE,VSD-CHC-ZAN-TTN-NUV-MRG-FTD-BRI-PND-USG-DHB-DTR-MLM-GBR-ANM-TNG-RMN-LND-GNJ-KNP-PRW-BGR-CBT-NSG-YGT-SLL-LPR-KLT-GDR-VYG-NAV-BGK-RMP-NDG-MDE,TRUE,
VSD,70,VSD70,VASCO-MUDDEBEHAL via CHORLA,LOCAL INTERSTATE,VSD-CHC-ZAN-TTN-NUV-MRG-FTD-BRI-PND-USG-KTB-SKL-PRY-KRI-JMD-BDR-CRL-CKI-KKB-BTN-AMT-JBT-PRW-BGR-CBT-NSG-YGT-SLL-LPR-KLT-GDR-NAV-BGK-RMP-NDG-MDE,TRUE,
VSD,76,VSD76,VASCO-OLD GOA,SHUTTLE,VSD-OLD,TRUE,
VSD,29,VSD29,VASCO-POLLEM BDR,LOCAL INTRASTATE,VSD-SPY-VDM-CHC-VDY-AIR-DBM-MEL-BRL-ZAR-ZAN-UPN-MTS-KMN-TTN-PRN-VRN-SNL-ANL-RMD-NUV-MRG-MRK-NVY-DRM-CNX-DDI-PZK-CUN-DMN-BLI-BNO-GOD-PDI-PSM-PKO-GLM-CST-CNC-SRI-MKD-BPL-AFD-PTG-PMT-PGN-KRY-MSM-DPT-LOL-XLM-PBR,TRUE,
VSD,4,VSD4,VASCO-PONDA via CORTALIM,LOCAL INTRASTATE,VSD-SPY-VDM-CHC-DBL-ZUY-ZRE-SCV-SCL-CRT-THN-CPW-KOS-RDK-RAS-ANG-LTM-CDK-BRB-SBT-BSK-TPC-DVL-PND,TRUE,
VSD,52,VSD52,VASCO-RAICHUR,LOCAL INTERSTATE,VSD-CHC-ZAN-TTN-NUV-MRG-FTD-BRI-PND-USG-DHB-DTR-MLM-GBR-ANM-TNG-RMN-LND-GNJ-KNP-PRW-RLY-CBT-NSG-YGT-SLL-LPR-KLT-GDR-VYG-NGR-BGK-AMG-HUN-IKL-MDG-LGS-KWT-SRW-RCH,TRUE,
VSD,54,VSD54,VASCO-RAICHUR,LOCAL INTERSTATE,VSD-CHC-ZAN-CRT-PLR-GMC-PNJ-OLD-BNS-KDM-PND-USG-DHB-DTR-MRL-GBR-ANM-TNG-RMN-LND-GNJ-KNP-PRW-RLY-CBT-NSG-YGT-SLL-LPR-KLT-GDR-VYG-NGR-BGK-AMG-HUN-IKL-MDG-LGS-KWT-SRW-RCH,TRUE,
VSD,64,VSD64,VASCO-SAWANTWADI via PATRADEVI,LOCAL INTERSTATE,VSD-SPY-VDM-CHC-DBL-ZUY-ZRE-SCV-SCL-CRT-AGS-PLR-GVL-SRD-BWS-GMC-STX-PNJ-SAI-TBD-GUL-COP-PWK-PRV-GRO-GPK-GOC-MPS-MCT-DLR-PDM-KWD-CHB-BNN-CVL-MKJ-DHG-KLN-OBG-WLP-WCL-MLP-PDN-NBG-SBG-PKD-RBG-UGV-TBS-TRS-DSK-PTR-BND-KDW-XFL-MNN-SWD,TRUE,
VSD,62,VSD62,VASCO-SOLAPUR via KOLHAPUR,MANUAL LOCAL INTERSTATE,VSD-CHC-CRT-GMC-PNJ-MPS-PDN-PTR-BND-SWD-KUD-ORS-KSL-KNV-NNG-TRL-VBW-GGB-KLP-HTK-JSP-SNG-MRJ-SGO-PDP-MHO-SPR,TRUE,
VSD,16,VSD16,VASCO-SONAL,LOCAL INTRASTATE,VSD-SPY-VDM-CHC-DBL-ZUY-ZRE-SCV-SCL-CRT-AGS-PLR-NUR-VNR-MTO-AZS-CRM-PET-KRL-OLD-PMP-COR-DLP-BNS-TBG-TVR-MRC-KDL-AMN-SEZ-NVT-NHV-KDN-GTN-SKL-SHB-HRV-PNG-PUD-HND-HVD-SLI-BUI-KHN-RGT-NGV-VLP-CDJ-CDC-SVE-SNA,TRUE,
